Catalog No,Reign Era,Reign Dates,Temple/Personal Name,Mint,Obverse Inscription,Description,Rarity (Hartill: lower=rarer),Entry Date,Book Page,PDF Page
22.20,Shunzhi,1644-1661,Shi Zu,"Board of Revenue (Boo-chiowan, Peking)",腹(顺)治通# Shun Zhi tong bao,Rev: 户 Iu above。 [02180 8,8,,282,2
22.21,Shunzhi,1644-1661,Shi Zu,"Board of Revenue (Boo-chiowan, Peking)",腹(顺)治通# Shun Zhi tong bao,Rev: 新 Jin above. New (?,,,282,2
22.22,Shunzhi,1644-1661,Shi Zu,"Board of Revenue (Boo-chiowan, Peking)",腹(顺)治通# Shun Zhi tong bao,Rev: 工 Gong Tight The,,,282,2
22.53,Shunzhi,1644-1661,Shi Zu,"Board of Revenue (Boo-chiowan, Peking)",旗(顺)治通赛 Shun Zhi tong bao,Rev: 工 Gong right The,,,283,3
22.71,Shunzhi,1644-1661,Shi Zu,"Board of Revenue (Boo-chiowan, Peking)",顺(顺)治通 Shun Zhi tong bao,Rev,,,284,4
22.10,Shunzhi,1644-1661,Shi Zu,"Board of Works (Boo-yuwan, Peking)",顺(顺)治通| Shun Zhi tong bao,Substantial coin nominal weight 1.6 qian. The $of 治 written as two strokes 13 Attributed to casting in Shenyang; before the Manchis captured Peking。 Nominal weight 1 qian,,,281,1
22.11,Shunzhi,1644-1661,Shi Zu,"Board of Works (Boo-yuwan, Peking)",顺(顺)治通| Shun Zhi tong bao,"Obv: One dot tong。 Rev: Plain。 TD2176,51359",6,,281,1
22.12,Shunzhi,1644-1661,Shi Zu,"Board of Works (Boo-yuwan, Peking)",顺(顺)治通| Shun Zhi tong bao,"Rer: Circle above。 卫D2177,51388 93 Rev: Crcezht 蕙",7,,281,1
22.13,Shunzhi,1644-1661,Shi Zu,"Board of Works (Boo-yuwan, Peking)",,,,,281,1
22.14,Shunzhi,1644-1661,Shi Zu,"Board of Works (Boo-yuwan, Peking)",,,,,281,1
22.15,Shunzhi,1644-1661,Shi Zu,"Board of Works (Boo-yuwan, Peking)",顺(顺)治通| Shun Zhi tong bao,Rev Ki (one) right。 002178,,,281,1
22.16,Shunzhi,1644-1661,Shi Zu,"Board of Works (Boo-yuwan, Peking)",顺(顺)治通| Shun Zhi tong bao,"Obv: Two dot tong. Rev: Plaln。 Type B. No mint names. 缶 Row bao。 Square head tong. Nominal weight 1.2 qian。 1645.46。 Cf20.333 similar Nling COTI Possibly from the Nanking minl。 02,11 Obv One dot tong。 Rev: Plain",,1645-46,281,1
22.18,Shunzhi,1644-1661,Shi Zu,"Board of Works (Boo-yuwan, Peking)",顺(顺)治通| Shun Zhi tong bao,"Obv: Two dot tong。 14 One dol tong coins can be attributed to the Board Ol Revente minl, and two dot tOnE couns to the Board ol Worhs by Uirtue of their relatie frequency; comparisons with Chong Zhen coins (eg 20.266 and 20.269) are problematic as one /two dot tOnB Was Tot consistently tsed by each Board for these",,,281,1
22.19,Shunzhi,1644-1661,Shi Zu,"Board of Works (Boo-yuwan, Peking)",腹(顺)治通# Shun Zhi tong bao,Rev: 户 Hu right. The,,,282,2
22.23,Shunzhi,1644-1661,Shi Zu,"Board of Works (Boo-yuwan, Peking)",腹(顺)治通# Shun Zhi tong bao,Rev: 工 Gong above T02182 翌,2,,282,2
22.24,Shunzhi,1644-1661,Shi Zu,"Board of Works (Boo-yuwan, Peking)",顺(顺)治通| Shun Zhi tong bao,,,,282,2
22.34,Shunzhi,1644-1661,Shi Zu,"Board of Works (Boo-yuwan, Peking)",顺(顺)治通| Shun Zhi tong bao,,,,282,2
22.54,Shunzhi,1644-1661,Shi Zu,"Board of Works (Boo-yuwan, Peking)",旗(顺)治通赛 Shun Zhi tong bao,Rev: Ru right,,,283,3
22.72,Shunzhi,1644-1661,Shi Zu,"Board of Works (Boo-yuwan, Peking)",顺(顺)治通 Shun Zhi tong bao,Rev: He left; 河 He right,,,284,4
22.38,Shunzhi,1644-1661,Shi Zu,"Datong, Shanxi",腹(顺)治通# Shun Zhi tong bao,Rev; 原 Yuan right,,,282,2
22.79,Shunzhi,1644-1661,Shi Zu,"Datong, Shanxi",(顺)治通l Shun Zhi tong bao,Rev: Yuwan left 原 Yian,,,285,5
22.25,Shunzhi,1644-1661,Shi Zu,"Fuzhou, Fujian",腹(顺)治通# Shun Zhi tong bao,Rev: 河 He Lght,,,282,2
22.55,Shunzhi,1644-1661,Shi Zu,"Fuzhou, Fujian",旗(顺)治通赛 Shun Zhi tong bao,Rev: 河 He right,,,283,3
22.45,Shunzhi,1644-1661,Shi Zu,"Hangzhou, Zhejiang",旗(顺)治通赛 Shun Zhi tong bao,Rev: 浙 Zhe Rght。 One dot tong,,,283,3
22.46,Shunzhi,1644-1661,Shi Zu,"Hangzhou, Zhejiang",旗(顺)治通赛 Shun Zhi tong bao,"Rev Zhe above. One dot tong p02209,51379",,,283,3
22.47,Shunzhi,1644-1661,Shi Zu,"Hangzhou, Zhejiang",旗(顺)治通赛 Shun Zhi tong bao,Rev: Jnght. Jizhou,,,283,3
22.68,Shunzhi,1644-1661,Shi Zu,"Hangzhou, Zhejiang",顺(顺)治通 Shun Zhi tong bao,"Rev: 蓟 Jiright. Jizhou garrison; Zhil。 [02226,51399 岛",,,284,4
22.69,Shunzhi,1644-1661,Shi Zu,"Hangzhou, Zhejiang",顺(顺)治通 Shun Zhi tong bao,Rev: 宣 Juan Iight,,,284,4
22.35,Shunzhi,1644-1661,Shi Zu,"Jinan, Shandong",腹(顺)治通# Shun Zhi tong bao,Rev: 醢(临) Lin right,,,282,2
22.61,Shunzhi,1644-1661,Shi Zu,"Jinan, Shandong",顺(顺)治通 Shun Zhi tong bao,"Rev: 随(临) Lin right: Linqing garrison Shandong: 卫02222,51396",2,,284,4
22.62,Shunzhi,1644-1661,Shi Zu,"Jinan, Shandong",顺(顺)治通 Shun Zhi tong bao,Rev: 同 Tong right. Datong,,,284,4
22.77,Shunzhi,1644-1661,Shi Zu,"Jinan, Shandong",(顺)治通l Shun Zhi tong bao,"Rev: Lin left, 酶(临) Lin right。 garrigon; Shandong: 卫02239,51410",9,,285,5
22.78,Shunzhi,1644-1661,Shi Zu,"Jinan, Shandong",(顺)治通l Shun Zhi tong bao,Rev: Tung left Tong right,,,285,5
22.28,Shunzhi,1644-1661,Shi Zu,"Jingzhou, Hubei",腹(顺)治通# Shun Zhi tong bao,"Rev: 荆 Jing above 02201,81375 8",8,,282,2
22.29,Shunzhi,1644-1661,Shi Zu,"Jingzhou, Hubei",腹(顺)治通# Shun Zhi tong bao,Rev: Chang above,,,282,2
22.83,Shunzhi,1644-1661,Shi Zu,"Jizhou, Zhili",(顺)治通l Shun Zhi tong bao,Rev: Slowan left 宣 Kuan right,,,285,5
22.26,Shunzhi,1644-1661,Shi Zu,"Kaifeng, Henan",腹(顺)治通# Shun Zhi tong bao,"Rev: 诃 Te above 卫02184,51364 10",4,,282,2
22.27,Shunzhi,1644-1661,Shi Zu,"Kaifeng, Henan",腹(顺)治通# Shun Zhi tong bao,Rev: 荆 Jing right,,,282,2
22.58,Shunzhi,1644-1661,Shi Zu,"Kaifeng, Henan",旗(顺)治通赛 Shun Zhi tong bao,One dot tong,,,283,3
22.73,Shunzhi,1644-1661,Shi Zu,"Kaifeng, Henan",顺(顺)治通 Shun Zhi tong bao,"Rev: Chang left; 昌 Chang right. Wuchang; Iubei。 卫02244,51415",4,,284,4
22.74,Shunzhi,1644-1661,Shi Zu,"Kaifeng, Henan",顺(顺)治通 Shun Zhi tong bao,"Rev: Ning left, 犟(宁) Ning right.Jiangning (Nanking) 15 R02246,51417",,,284,4
22.75,Shunzhi,1644-1661,Shi Zu,"Kaifeng, Henan",(顺)治通l Shun Zhi tong bao,Rev left; 迂 Jiang rght,,,285,5
22.67,Shunzhi,1644-1661,Shi Zu,"Kunming, Yunnan",顺(顺)治通 Shun Zhi tong bao,Rev: 浙 Zhe right,,,284,4
22.36,Shunzhi,1644-1661,Shi Zu,"Linqing, Shandong",腹(顺)治通# Shun Zhi tong bao,"Rev: 晾(临) Lin above_ TD2188,81366",8,,282,2
22.37,Shunzhi,1644-1661,Shi Zu,"Linqing, Shandong",腹(顺)治通# Shun Zhi tong bao,Rev: Tong right,,,282,2
22.50,Shunzhi,1644-1661,Shi Zu,"Miyun, Zhili",旗(顺)治通赛 Shun Zhi tong bao,"Rev: 宣 Xuan right. Kuanhua Barrison, Zhil. Opened in 1644 TD2190,51367",0,,283,3
22.51,Shunzhi,1644-1661,Shi Zu,"Miyun, Zhili",旗(顺)治通赛 Shun Zhi tong bao,"Rev: 宜 Juan above 下02189,81368 Type D.Rev: 一厘 Yili (One li [of silver]) left. Mint name i Chinese right. 1653-57",,1653-57,283,3
22.52,Shunzhi,1644-1661,Shi Zu,"Miyun, Zhili",旗(顺)治通赛 Shun Zhi tong bao,Rev: 户 Hu right The,,,283,3
22.60,Shunzhi,1644-1661,Shi Zu,"Nanchang, Jiangxi",旗(顺)治通赛 Shun Zhi tong bao,Rev: 束(东) Dong Ught,,,283,3
22.76,Shunzhi,1644-1661,Shi Zu,"Nanchang, Jiangxi",(顺)治通l Shun Zhi tong bao,Rev: agge 柬(东) Dong aghhqn,,,285,5
22.63,Shunzhi,1644-1661,Shi Zu,Shanxi (unnamed garrison),顺(顺)治通 Shun Zhi tong bao,"Rev: 原 Yuan right Taiyuan, Shamxi。 T02223,51397",3,,284,4
22.64,Shunzhi,1644-1661,Shi Zu,Shanxi (unnamed garrison),顺(顺)治通 Shun Zhi tong bao,Rev: 隅(阳) Yang right. Yanghe,,,284,4
22.65,Shunzhi,1644-1661,Shi Zu,Shanxi (unnamed garrison),顺(顺)治通 Shun Zhi tong bao,Rev: 陕 Shan right,,,284,4
22.39,Shunzhi,1644-1661,Shi Zu,"Taiyuan, Shanxi",腹(顺)治通# Shun Zhi tong bao,"Rev: 原 Yuan above。 TD2196,51371 10 Opened in 1645, with 10 furnaces in Shang Ma Street",6,,282,2
22.40,Shunzhi,1644-1661,Shi Zu,"Taiyuan, Shanxi",旗(顺)治通赛 Shun Zhi tong bao,Rev: Q Yang right,,,283,3
22.43,Shunzhi,1644-1661,Shi Zu,"Taiyuan, Shanxi",腹(顺)治通# Shun Zhi tong bao,,,,283,3
22.44,Shunzhi,1644-1661,Shi Zu,"Taiyuan, Shanxi",腹(顺)治通# Shun Zhi tong bao,,,,283,3
22.56,Shunzhi,1644-1661,Shi Zu,"Taiyuan, Shanxi",腹(顺)治通# Shun Zhi tong bao,,,,283,3
22.57,Shunzhi,1644-1661,Shi Zu,"Taiyuan, Shanxi",腹(顺)治通# Shun Zhi tong bao,,,,283,3
22.59,Shunzhi,1644-1661,Shi Zu,"Taiyuan, Shanxi",腹(顺)治通# Shun Zhi tong bao,"22,.60 Bmperor Shi 2u",,,283,3
22.80,Shunzhi,1644-1661,Shi Zu,"Taiyuan, Shanxi",(顺)治通l Shun Zhi tong bao,"Rev: Shan left; 陕 Shan rightXi'an, Shaanai 卫02245,51416",5,,285,5
22.81,Shunzhi,1644-1661,Shi Zu,"Taiyuan, Shanxi",(顺)治通l Shun Zhi tong bao,"Rev; Je left, 断 Zhe right Hangzhou Zheiiang。 [02237,81408",,,285,5
22.82,Shunzhi,1644-1661,Shi Zu,"Taiyuan, Shanxi",(顺)治通l Shun Zhi tong bao,Rev: GI left。 Jiright,,,285,5
22.30,Shunzhi,1644-1661,Shi Zu,"Wuchang, Hubei",腹(顺)治通# Shun Zhi tong bao,Rev: 襄 Kiang above,,,282,2
22.66,Shunzhi,1644-1661,Shi Zu,"Xi'an, Shaanxi",顺(顺)治通 Shun Zhi tong bao,Rev (云) Yun right Yunnan-fu (,,,284,4
22.31,Shunzhi,1644-1661,Shi Zu,"Xiangyang, Hubei",腹(顺)治通# Shun Zhi tong bao,"Rev: M(宁) Ning above, Two dot tong. Jiangning (Nanking) TD2205,81377 氽",5,,282,2
22.32,Shunzhi,1644-1661,Shi Zu,"Xiangyang, Hubei",腹(顺)治通# Shun Zhi tong bao,"One dot tong。 TTue minl was ordered Lo open in 1648, bul does not appear to hawe done so immediately",,,282,2
22.33,Shunzhi,1644-1661,Shi Zu,"Xiangyang, Hubei",腹(顺)治通# Shun Zhi tong bao,Rev: 束(东) Dong right,,,282,2
22.70,Shunzhi,1644-1661,Shi Zu,"Xuanhua, Zhili",顺(顺)治通 Shun Zhi tong bao,Rev,,,284,4
22.84,Shunzhi,1644-1661,Shi Zu,"Xuanhua, Zhili",(顺)治通l Shun Zhi tong bao,"Rev: Si left, 西 Riright. West Variously attribuled to Shanni Wu Sangui (the 平酉王 Ping N Tang Pacilying lhe West Prince), or else an inlention for use Os a gaming token。 Kangxi。 The lustrious sixty-one year reign Of @m' was characterised ota"" One noted scholar as show. ""Diligence i administration; CONCCII the people, and of thought Manchu 郄 was gecured and China became stable and prosperous。 In 1679, he conquered Eastern Turkestan He suppressed the eight-year rebellon of the Three Feudatories (San Ran) in 1681, and Taiwan was takenin 1683 In the lirst year of the reign 1662, the provincial mints were Closed agamn, apart from Jiangning. Erom 1667, provncial mints were re-opened, but many closed agamn in 1670 due to the Wgh price of copper; Those whose responsibility 计 is to buy copper and transport it to the Boards are al unable to send i in tume; because copper is now scarce and expensive. Although the pnce O[ copper rises daily, the Board Stll calculates according to a Gxed price, For example, the 721,000 newly cast cash of Guangdong are worth 721 hang of silver。 According to the regulations; they can charge only 593 liang TT casting expenses; and proht 0[ 128 liang results。 But 让 one uses the current local copper pnce and the expenses in wages; the actual costs were 1,043 liang。 Deducting what the regulations allow , the mint offcials actually suffered loss of 450 liang。 In 1684,the ofhcial coin weight was reduced to 10 qian, and the copper content reduced trom 70% to 60%. Jt appears that around this time corrwption set 血 and the Pelng mints cast a great dealof Bmal cash With a weight as low as 0.7 qian. Te provinces wvere ordered to start casting agamn, but many only Drod uced smal coins, and all were closed again by 1702. In this year, the weight of the cash ofthe Peking mints was increased to 1.4 qian, and the corruption held in check",,,285,5
22.41,Shunzhi,1644-1661,Shi Zu,"Yanghe, Shanxi",旗(顺)治通赛 Shun Zhi tong bao,"Rev: 隅 above。 002214,51384",,,283,3
22.42,Shunzhi,1644-1661,Shi Zu,"Yanghe, Shanxi",旗(顺)治通赛 Shun Zhi tong bao,"Rev: 延 Yan ""醴",,,283,3
22.48,Shunzhi,1644-1661,Shi Zu,Zhili (unnamed garrison),旗(顺)治通赛 Shun Zhi tong bao,Rev: Jabove [02191,,,283,3
22.49,Shunzhi,1644-1661,Shi Zu,Zhili (unnamed garrison),旗(顺)治通赛 Shun Zhi tong bao,Rev: 云 Yun rght,,,283,3
22.85,Kangxi,1662-1722,Sheng Zu,"Board of Revenue (Boo-chiowan, Peking)",康熙通寅 Kang Ki tong bao,"Seven stroke bei, two dot tong. Nominal weight 1.4 qian。 1662-83 p02250,51419 16",16,1662-83,286,6
22.86,Kangxi,1662-1722,Sheng Zu,"Board of Revenue (Boo-chiowan, Peking)",康熙通寅 Kang Ki tong bao,Nominal weight TOT 1684.1701 16,4,1684-1701,286,6
22.87,Kangxi,1662-1722,Sheng Zu,"Board of Revenue (Boo-chiowan, Peking)",康熙通寅 Kang Ki tong bao,Small crude coins. Two dot tong. Actual weight ~0.7 qian。 1680s-90s。 16,,,286,6
22.88,Kangxi,1662-1722,Sheng Zu,"Board of Revenue (Boo-chiowan, Peking)",康熙通寅 Kang Ki tong bao,One dot 16,,,286,6
22.89,Kangxi,1662-1722,Sheng Zu,"Board of Revenue (Boo-chiowan, Peking)",康熙通寅 Kang Ki tong bao,Square ton: long。 16,,,286,6
22.90,Kangxi,1662-1722,Sheng Zu,"Board of Revenue (Boo-chiowan, Peking)",康熙通寅 Kang Ki tong bao,"Six stroke bei, left hand stroke of Xi curved. Nominal weight 1.4 qian. 1702-12_ 15",,,286,6
22.91,Kangxi,1662-1722,Sheng Zu,"Board of Revenue (Boo-chiowan, Peking)",康熙通寅 Kang Ki tong bao,"One dot tong; Ki as printed character Do left Jown stroke. 1713 51443 14 Schjoth repeats the mylh that Brew UPregarding this coin: They are comnonly Rnown as the It han cash and are sought after by the Chinese; Ihe word Lohan being the transcript in Chinese characters O the San skril word arhan `venerable Uhe name applied to the eighteen attendants Oj Buddha, which are frequenll SCen ranged along the tWO sides Of the principal hall a Buddhist lemples The currenl tradilion Vhal, while the Emperor was intimately associaled wilh the Buropean missionaries; he became imbued wilh a Jeel ingO contempt for Buddhism and illustrated (his Brass 讥 hig foith by having 0 sel O[ eighteen brass Lo-han Images melted dotun and cast into cash。 This t said to conlain a considerable portion OT Bold hence the great demand for the cash。 This story first appeared in Chinese SOUTCC (几 1851; perhaps they conlused (his coin wilh Uhe `Bun"" Kuanei sen a Japan, aboul which a similar storyis told。 Burger has shown that the new form Of the xi character was specially created for Kangri's GOth burthdav in 1773, Lhe Cash WOS cast to celebrate that auspiciots occasion, and is itself regarded as auspicious。 Analy S15 has shown that these coins do not contain any gold The none LO: han cash persists",,,286,6
22.92,Kangxi,1662-1722,Sheng Zu,"Board of Revenue (Boo-chiowan, Peking)",康熙通寅 Kang Ki tong bao,"Broad rims. One dot tong;, Ki with left hand stroke。 1714-22 14 The Board o[ Works. Rev",,1714-22,286,6
22.93,Kangxi,1662-1722,Sheng Zu,"Board of Works (Boo-yuwan, Peking)",康熙通寅 Kang Ki tong bao,"Seven stroke bei, two dot tong. Nominal weight 1.4 qian。 1662-83.FD2251,51421 16",1,1662-83,286,6
22.94,Kangxi,1662-1722,Sheng Zu,"Board of Works (Boo-yuwan, Peking)",康熙通寅 Kang Ki tong bao,Nominal weight qOn。 1684.1701. 16,16,1684-1701,286,6
22.95,Kangxi,1662-1722,Sheng Zu,"Board of Works (Boo-yuwan, Peking)",康熙通寅 Kang Ki tong bao,Small crude coin Actual weight ~0.7 qlan。 1680s.905,,,286,6
22.96,Kangxi,1662-1722,Sheng Zu,"Board of Works (Boo-yuwan, Peking)",康熙通寅 Kang Ki tong bao,Sax stroke bei。 Nominal weight 1.4 qian。 1702.13。 詈,,1702-13,286,6
22.97,Kangxi,1662-1722,Sheng Zu,"Board of Works (Boo-yuwan, Peking)",康熙通寅 Kang Ki tong bao,Seven stroke bei. Broad rimg 1714-22,,1714-22,286,6
22.152,Kangxi,1662-1722,Sheng Zu,"Board of Works (Boo-yuwan, Peking)",爽熙通d Kang Ji tong bao,,,,292,12
22.157,Kangxi,1662-1722,Sheng Zu,"Board of Works (Boo-yuwan, Peking)",爽熙通d Kang Ji tong bao,,,,292,12
22.115,Kangxi,1662-1722,Sheng Zu,"Changsha, Hunan",康熙通寰 Kang Xi tong bao,"One dot tong: Nominal weight 1.4 qian。 1667.70。 卫02262,51435 11",2,1667-70,288,8
22.116,Kangxi,1662-1722,Sheng Zu,"Changsha, Hunan",康熙通寰 Kang Xi tong bao,Two dot long. Nan in printed style. Nominal weight 1.0 qian. 1684-1700_ 15,,,288,8
22.117,Kangxi,1662-1722,Sheng Zu,"Changsha, Hunan",康熙通寰 Kang Xi tong bao,Nan in cursive style。 1684.1700 15,15,1684-1700,288,8
22.118,Kangxi,1662-1722,Sheng Zu,"Changsha, Hunan",康熙通寰 Kang Xi tong bao,"Rev: Crescent above, dot below_ 1684-1700. 81447 Jiangning (Nanking). Rev: Ning left, (宁) Ning right",,1684-1700,288,8
22.119,Kangxi,1662-1722,Sheng Zu,"Changsha, Hunan",康熙通寰 Kang Xi tong bao,"Square head tong。 1662.70. 卫02234,51433 15 Se driangning mint was nofclosed in 1668 like te Olher provincial mints as i was an iportant mililary STOTOI",4,1662-70,288,8
22.101,Kangxi,1662-1722,Sheng Zu,"Gongchang, Gansy",康熙逦l Kang Ki tong bao,"Rev; Gung left, 犟(巩) Gong right。 1667.70。 卫D2272",2,1667-70,287,7
22.102,Kangxi,1662-1722,Sheng Zu,"Guangzhou, Guangdong",康熙逦l Kang Ki tong bao,"Nominal weight 1.4 qian, diam。 over 2Gmm 1668.70",,1668-70,287,7
22.103,Kangxi,1662-1722,Sheng Zu,"Guangzhou, Guangdong",康熙逦l Kang Ki tong bao,"Nominal weight 1.0 qian, diam。 under 2Gmm, local workmanship. 1686-1703。 下02265,51436 15",15,1686-1703,287,7
22.104,Kangxi,1662-1722,Sheng Zu,"Guangzhou, Guangdong",康熙逦l Kang Ki tong bao,"Different top of Guang。 15 In 1686,4 nint was brefly in operation at Zhaoqing in the province, also using this mint name",,,287,7
22.105,Kangxi,1662-1722,Sheng Zu,"Guilin, Guangxi",康熙逦l Kang Ki tong bao,"Nominal weight 1.4 qian。 1668.70 卫D2268,81439",8,1668-70,287,7
22.137,Kangxi,1662-1722,Sheng Zu,"Hangzhou, Zhejiang",康熙通舜 Kang Ki tong bao,"Two dot tong: Nominal weight 1.4 qian. Diam over 2Gmm。 1667-74.卫02266,51437 15",6,1667-74,290,10
22.138,Kangxi,1662-1722,Sheng Zu,"Hangzhou, Zhejiang",康熙通舜 Kang Ki tong bao,"One dot tong. Nominal weight 1.0 qian. Diam. under 26""皿。1696-99 14",14,1696-99,290,10
22.139,Kangxi,1662-1722,Sheng Zu,"Hangzhou, Zhejiang",康熙通舜 Kang Ki tong bao,One dot tong. Rev; Dot above。 1696-99。 10,10,1696-99,290,10
22.123,Kangxi,1662-1722,Sheng Zu,"Jinan, Shandong",展熙通畿 Kang Li tong bao,"Rev: Dung left, 束(东) Dong right。 1667-70。 卫02225,51426 15",5,1667-70,289,9
22.140,Kangxi,1662-1722,Sheng Zu,"Jizhou, Zhili",爽熙通d Kang Ji tong bao,"Rev: Gi left, l Jiright。 1667.70",,1667-70,291,11
22.107,Kangxi,1662-1722,Sheng Zu,"Kaifeng, Henan",康熙逦l Kang Ki tong bao,"Square head, one dot tong。 1667-70。 p02263,51434 15 There is 0 possibility that this coin TUOS made in 1663, before the order to close the niinls VOS Teceived。 Of?2.73, which has a similar square head",,1667-70,287,7
22.109,Kangxi,1662-1722,Sheng Zu,"Kaifeng, Henan",康熙逦l Kang Ki tong bao,"Closed head, two dot tong。 1667.70. 13",13,1667-70,287,7
22.124,Kangxi,1662-1722,Sheng Zu,"Linqing, Shandong",展熙通畿 Kang Li tong bao,"Rev: Lin left, 醢(临) Lin right。 1667-75. 卫02264,51425 15 In 1673, the Board o1 Revenue allowed Linqing to another 5 li for freight charges in addilion lo Ihe fed price of 6 fen 5 1 (of silver) for a jn O[ copper, ghargespno bul (his concession, (he minl was closed In 1675 Datong",4,1667-75,289,9
22.121,Kangxi,1662-1722,Sheng Zu,"Nanchang, Jiangxi",展熙通畿 Kang Li tong bao,"One dot tong。 1667-70。 卫02256,51427 15",6,1667-70,289,9
22.122,Kangxi,1662-1722,Sheng Zu,"Nanchang, Jiangxi",展熙通畿 Kang Li tong bao,Two dot tong。 1667.70。 13,13,1667-70,289,9
22.98,Kangxi,1662-1722,Sheng Zu,"Ruzhou, Fujian",康熙逦l Kang Ki tong bao,"Two dot tong: Nominal weight 1.4 qian, diam. over 2Gmm。1667-70.FD2253,51424",3,1667-70,287,7
22.99,Kangxi,1662-1722,Sheng Zu,"Ruzhou, Fujian",康熙逦l Kang Ki tong bao,"One dot long. Nominal weight 1.0 qian diam. under 2Gmm 1685-95. 器 器22: Fujian。 Rev: Jang left, 淬 Zhang right。 1680-83 R2271,51442 15",15,1685-95,287,7
22.125,Kangxi,1662-1722,Sheng Zu,Shanxi (unnamed garrison),展熙通畿 Kang Li tong bao,"Rev; Tung left 同 Tong right。 1667.71。 卫2252,51423 15",2,1667-71,289,9
22.120,Kangxi,1662-1722,Sheng Zu,"Suzhou, Jiangsu",康熙通寰 Kang Xi tong bao,"Rev: Su left, 藓(苏) Su right。 1668-70。 卫02259,81430 15",9,1668-70,288,8
22.126,Kangxi,1662-1722,Sheng Zu,"Taiyuan, Shanxi",展熙通畿 Kang Li tong bao,"Square head one dot tong。 1667.70 RD2258,51429 15",8,1667-70,289,9
22.127,Kangxi,1662-1722,Sheng Zu,"Taiyuan, Shanxi",展熙通畿 Kang Li tong bao,"Closed head, two dot long。 1667.70。 15",15,1667-70,289,9
22.110,Kangxi,1662-1722,Sheng Zu,"Wuchang, Hubei",康熙通寰 Kang Xi tong bao,Closed head one dot tong; Chang 边 cursive style。 1667-70。 81432 15,15,1667-70,288,8
22.112,Kangxi,1662-1722,Sheng Zu,"Wuchang, Hubei",康熙通寰 Kang Xi tong bao,"15 Square head, one dot tong; Chang in printed style。 1667.70 卫02261",1,1667-70,288,8
22.113,Kangxi,1662-1722,Sheng Zu,"Wuchang, Hubei",康熙通寰 Kang Xi tong bao,"Closed head, two dot tong: Nominal weight 1 qian。 1687.99. 35",,1687-99,288,8
22.114,Kangxi,1662-1722,Sheng Zu,"Wuchang, Hubei",康熙通寰 Kang Xi tong bao,"Protruding head, two dot tong 1687-99 15 In 1697, the Board O[ Revenue reprimanded Hubei (and Hunan) for producing red coloured coins that were not fit for Ise, and ordered them to collect up the Offending coins. Iis stricture could apply to most Qing period Hubei coirs",,1687-99,288,8
22.128,Kangxi,1662-1722,Sheng Zu,"Xi'an, Shaanxi",展熙通畿 Kang Li tong bao,"Rev: Dot by -nof Shan。 1667.70 p02269,51440 15",15,1667-70,289,9
22.129,Kangxi,1662-1722,Sheng Zu,"Xi'an, Shaanxi",展熙通畿 Kang Li tong bao,"Rev: No dot by Shan。 1667.70, 15",15,1667-70,289,9
22.130,Kangxi,1662-1722,Sheng Zu,"Xi'an, Shaanxi",展熙通畿 Kang Li tong bao,"Taiwan。 Rev;: Tai left, Tai 赛(台) right 1689.92 下D2267,51438 13 Towwlan was in rebel hands unlil 1683.41 Ulal tinze, coins O[ the pretender Prince Yongming were in general USC These Were collected up and melted down。 The Kangti coin Uas casl althe ] Gian Wveighi standard。 Larger coins are later made",7,1689-92,289,9
22.131,Kangxi,1662-1722,Sheng Zu,"Xi'an, Shaanxi",康熙通舜 Kang Ki tong bao,"Nominal weight 1.4 qian, diameter over 2Gmm 1667.70 p2270,81441 12 Type 2. The 丰 component Of kang written with the bottom horizontal stroke protruding 3_ Nominal weight 1.0 qian, diameter under 26皿皿",,1667-70,290,10
22.132,Kangxi,1662-1722,Sheng Zu,"Xi'an, Shaanxi",康熙通舜 Kang Ki tong bao,"The lnes j the middle of the 雨 component of yun written like X 1682.89。 14 Type 3. The 丰 component of Rang written with the middle horizontal stroke protruding 3- Nominal weight 1.0 qian, diameter under 26皿皿。 25.133 Wide head of tong; dots ofzi not on rim 1682.89",,1682-89,290,10
22.133,Kangxi,1662-1722,Sheng Zu,"Xi'an, Shaanxi",展熙通畿 Kang Li tong bao,,,,290,10
22.134,Kangxi,1662-1722,Sheng Zu,"Xi'an, Shaanxi",康熙通舜 Kang Ki tong bao,"Small head of tong; yun touching the rim 1682.89. 1682-89。 """,,1682-89,290,10
22.135,Kangxi,1662-1722,Sheng Zu,"Xi'an, Shaanxi",康熙通舜 Kang Ki tong bao,"Small head of tong, yun wellaway from the rim 25.136 Smaller characters; yun well away from the rim 1682.89。 Between 1674 and 1681, the province WOS 讥 the hands Of the San Fan rebel Wu Sangui, and then his grandson Wu Shifan, who issued their own coins。 By 1683, Uhe Yunnan fu minl was back 讥 operation cast V吕 Rangwi coins and in the same year minls al Dali, Lufeng and Mengzi were opened, all ol which were Or dered to use the yun mint name. In 1685, the Lin an minl Was opened; which also used the yUn min name。 In 1689, Yunnan stopped casting temporarily, Qg there was a surplus O[ cash Coins O[ this second period can be distinguished by the different writing Of the 雨 component O[yun, in which Ihe four lines in the middlenre arranged in the form ofa cross; as Iell as by their lower weighl。 However, Ihere is To ObUious prwy mark that distinguishes one mint from another",,1682-89,290,10
22.136,Kangxi,1662-1722,Sheng Zu,"Xi'an, Shaanxi",展熙通畿 Kang Li tong bao,郾,,,290,10
22.141,Kangxi,1662-1722,Sheng Zu,"Xuanhua, Zhili",爽熙通d Kang Ji tong bao,"Rev: Siowan left, 宜 Kuan right。 1667-71",,1667-71,291,11
22.142,Kangxi,1662-1722,Sheng Zu,"Xuanhua, Zhili",爽熙通d Kang Ji tong bao,"Rev: Si left, 酉 Xi right West. Square head tong: See",,,291,11
22.143,Kangxi,1662-1722,Sheng Zu,"Xuanhua, Zhili",爽熙通d Kang Ji tong bao,Closed head tOnB,,,291,11
22.144,Kangxi,1662-1722,Sheng Zu,"Xuanhua, Zhili",爽熙通d Kang Ji tong bao,"Rev: Bei left, 北 Bei right. North 4 later invention 卫02260,8143115 [2257,5142815 Poem Coins The twenty characters (excluding the rare Gansu con) used for mint names On the coins o[ Kangxi CgD be arranged to form {our line Doem which rhymes after the ruleg Of Chinese poetry. Althoueh the poem has no particular meaning; this has gven the coins amuletic properties: According C Schjoth: ""Tf and placed together, they have the power Of expelling evil influences ana of preventing auiaengelucee tegethccorthng tavpofhnaowereof ealineseedl i alacons them, when 1tometn on the top of a chicken-coop: 迕 genuine, they w讪 prevent from crowing in morningl"" In Chinese works, they are referred to as 诗钱 shi qian (poem coins) or 套 于钱 taozi qian (set coins). The poem is: 同 福 醢 柬 让 Tong Fu Lm Dong Jiang 宣 原 蕻 前 昌 Kan Ywan Su Chang 南 C 河 赓 浙 Nan Ning Je Guang Zhe 熹 桂 陕 裹 漳 Tai Gui Shaan Yn Zhang Many eets Of poem coins have been made later in various forms with other period titles 88 well 88 that of Kangxi Thege coins are nelelow. sought atter by some collectors; others regard them 88 mere playthings。4 selection is ilustrated Note bow the inscriptions are at variance with regular circulating coins 己 郾",0,,291,11
22.162,Yongzheng,1723-1735,Shi Zong,"Bijie, Guizhou",雍正逦寰 Yong Zherg tong bao,Two dot tong; nominal weight 1.4 qian。 1730-34. 51460 15,15,1730-34,293,13
22.163,Yongzheng,1723-1735,Shi Zong,"Bijie, Guizhou",雍正逦寰 Yong Zherg tong bao,Two dot tong; nominal weight 1.2 Qian。 1734-35。 15,15,1734-35,293,13
22.164,Yongzheng,1723-1735,Shi Zong,"Bijie, Guizhou",雍正逦寰 Yong Zherg tong bao,"4 casting level O「 45,000 strings a year by this province can be calculated",,,293,13
22.150,Yongzheng,1723-1735,Shi Zong,"Board of Revenue (Boo-chiowan, Peking)",雍正通寰 Yong Zheng tong bao,"One dot tong. Broad rimg。 1723-26。 卫D2277,5145315",7,1723-26,292,12
22.151,Yongzheng,1723-1735,Shi Zong,"Board of Revenue (Boo-chiowan, Peking)",雍正通寰 Yong Zheng tong bao,-2'Two dot long。 Type very variable。 1727.33. 16 Nominal weight 1.2 qian,,1727-33,292,12
22.153,Yongzheng,1723-1735,Shi Zong,"Board of Revenue (Boo-chiowan, Peking)",雍正通寰 Yong Zheng tong bao,Two dot tong. Diam. 2bmm Or less。 1734-35,,1734-35,292,12
22.154,Yongzheng,1723-1735,Shi Zong,"Board of Revenue (Boo-chiowan, Peking)",雍正通寰 Yong Zheng tong bao,Narrow tong。 毖 The,,,292,12
22.186,Yongzheng,1723-1735,Shi Zong,"Board of Revenue (Boo-chiowan, Peking)",雍正通贷 Yong Zheng tong bao,Assymetric feet On bao. Long Y- on yon。 Dongchuan。 1734-35 14,14,1734-35,295,15
22.187,Yongzheng,1723-1735,Shi Zong,"Board of Revenue (Boo-chiowan, Peking)",雍正通贷 Yong Zheng tong bao,"Curved left foot on bao。 Lin'an。 1734-.35. 14 In 1724,47 furnaces were in operation in Uarious prefectures in the provinee。 In 1725, Covernor Ortai icreased (le Profitability O[ casting by closing the less effictent minls and erporting coins tO Other # ovinces He introduced casting regulations which specified 芷铸 zheng_zhu (regular Casting) dai zhv (supplementaryy casting) and a 外耗 wai hao (extra scrap) casting. Full production costs were not allowed for the ho extra castings. Thus these regulations were rather popular, and adopted by other provinces",,,295,15
22.155,Yongzheng,1723-1735,Shi Zong,"Board of Works (Boo-yuwan, Peking)",雍正通寰 Yong Zheng tong bao,"One dot tong. Broad rims_ 1723-26。 下02278,5145415",,1723-26,292,12
22.156,Yongzheng,1723-1735,Shi Zong,"Board of Works (Boo-yuwan, Peking)",雍正通寰 Yong Zheng tong bao,-7 Two dot tong。 Type very variable 1727.33. 16 Nominal weight 1.2 qian,,1727-33,292,12
22.158,Yongzheng,1723-1735,Shi Zong,"Board of Works (Boo-yuwan, Peking)",雍正通寰 Yong Zheng tong bao,Two dot Long。 Diam。 25皿皿 Or legs。 1734.35。 15,15,1734-35,292,12
22.159,Yongzheng,1723-1735,Shi Zong,"Board of Works (Boo-yuwan, Peking)",雍正通寰 Yong Zheng tong bao,"Narrow tong。 15 In this period, the Board af Revenue nint cast around 500,000 strings a year, the",,,292,12
22.160,Yongzheng,1723-1735,Shi Zong,"Board of Works (Boo-yuwan, Peking)",雍正逦寰 Yong Zherg tong bao,"Rev: Boo an left and right 1732-34. 卫02286,51458 15 I April 1733, minl was opened 讥 the Yenyi district Of Nanking to cast Boo an coins; It cast some 24,000 strigs Of cash a year; It was closed in 1734. This is the only mention Of Boo an coins in the records。 Other Boo an coing will be found to be Hunan coins with the dot ofnan omitted or obscured。 Gnnsu Province。 1727-29。 [02295 14",6,1732-34,293,13
22.161,Yongzheng,1723-1735,Shi Zong,"Board of Works (Boo-yuwan, Peking)",雍正逦寰 Yong Zherg tong bao,"Rev; Boo gung left and right。 Between 1727 and 1529a temporary mint at Lanzhou recast light and old cash as 33,400 strings 0[ regwla tion cash",,,293,13
22.168,Yongzheng,1723-1735,Shi Zong,"Board of Works (Boo-yuwan, Peking)",雍正通寰 Yong Zheng tong bao,,,,293,13
22.169,Yongzheng,1723-1735,Shi Zong,"Changsha, Hunan",雍正逦寰 Yong Zherg tong bao,"Only 15,310 strings were cast between 1730 and 1732 by 5 furnaces using collected up copper",,,293,13
22.176,Yongzheng,1723-1735,Shi Zong,"Chengdu, Sichuan",雍正通耷 Yong Zheng tong bao,Nominal weight 1.4 qian 1732-34 下02294 10,10,1732-34,294,14
22.177,Yongzheng,1723-1735,Shi Zong,"Chengdu, Sichuan",雍正通耷 Yong Zheng tong bao,"Nominal wcight 1.2 qian. Diam. under 2Gmm 1734-35。 10 In 1670, Ihe Governor ol Sichuan was reluctant to open a minl saying: Sichuan is 0 remole fronlier areo。 In OI districts andl counties We do not store Up tat revenues。 Moreover, Iravel by road is difficult as il ig over planks laid across dangerous precipices, and the waterways have the perils Of rivers and streams。 I we start collect tares in both silver and cash; 让t Will proue Uery trowblesome。 Nevertheless; in 1733 TIIII UOS opened 15 furnaces with 315 workmen produced 33,000 strings a year",,1734-35,294,14
22.178,Yongzheng,1723-1735,Shi Zong,"Chengdu, Sichuan",雍正通贷 Yong Zheng tong bao,"Short feet on bao, closed bei。 Yunnan fu。 1724-38 TD02284,51456 15",4,1724-38,295,15
22.179,Yongzheng,1723-1735,Shi Zong,"Chengdu, Sichuan",雍正通贷 Yong Zheng tong bao,Small compact characterg。 Dali 1724-27,,1724-27,295,15
22.180,Yongzheng,1723-1735,Shi Zong,"Chengdu, Sichuan",雍正通贷 Yong Zheng tong bao,Curved left foot on ba0. Lin'an。 1724.28 晗,,1724-28,295,15
22.181,Yongzheng,1723-1735,Shi Zong,"Chengdu, Sichuan",雍正通贷 Yong Zheng tong bao,Long feet on bao。 Zhanyi 1724.27. 15 Two dot tong. Nominal weight 1.4 qian,,1724-27,295,15
22.182,Yongzheng,1723-1735,Shi Zong,"Chengdu, Sichuan",雍正通贷 Yong Zheng tong bao,"Wide head on tong, cloged bei Yunnan-fu。 1728-34. 15",15,1728-34,295,15
22.183,Yongzheng,1723-1735,Shi Zong,"Chengdu, Sichuan",雍正通贷 Yong Zheng tong bao,Square head tong ?Dongchuan 1734,,,295,15
22.184,Yongzheng,1723-1735,Shi Zong,"Chengdu, Sichuan",雍正通贷 Yong Zheng tong bao,Curved left foot on bao。 Lin'an。 1728-34. 罟 Two dot tong. Nominal weight 1.2 qian smaller coins,,1728-34,295,15
22.185,Yongzheng,1723-1735,Shi Zong,"Chengdu, Sichuan",雍正通贷 Yong Zheng tong bao,The,,,295,15
22.188,Yongzheng,1723-1735,Shi Zong,"Hangzhou, Zhejiang",雍正通c Yong Zheng tong bao,"Closed head, two dot tong。 1730-33。 FD2279,51455 15",9,1730-33,296,16
22.189,Yongzheng,1723-1735,Shi Zong,"Hangzhou, Zhejiang",雍正通c Yong Zheng tong bao,"Square head, two dot tong; 1730-33. 15",15,1730-33,296,16
22.190,Yongzheng,1723-1735,Shi Zong,"Hangzhou, Zhejiang",雍正通c Yong Zheng tong bao,"Square head, one dot tong。 1730-3。 15 4 description O[ the mint premises in 1730 slates: On Uhe east side O[ the main building there are five fur。 RUCes organised under the sin Of 宝裕升平世王 Baoyu Shengping Shiwang (4 Prosperous and Peaceful Age O[ Royal Rule) On the west side there are Rue furnaces organised under tle sign Of 泉流富有年五 Quan Lwu Ru You Nian Wu (Rowntain Flowing with the Wealth O[ Rive Good Harvests) Note that the first two characters of these names; Baoquan; make Up the name O[ the Board of Revenwe minl Qianlong。 During the reign Of Qianlong; literature and the arts {lourished, and his reign may be considered the highest point of the dynasty; He was also successful in miltary matters. The whole Of Kin jang was conquered in 1759, and various Internal rebellions were subdued I 1796, having reigned for sixty years; Qianlong abdicated the throne SO that his reign might not be longer than that of Ws grandfather Kangxi。 Now eighty-five years old; he continued to relg under the tille Of Tai Shang Huangdi (Great Super Bmperor) leaving his SUCCCSSOT Jiaqing; with only nominal dutieg to perform. Qianlong and Jiaqing coins were issued simultane。 ously Iorhe the Peking minte until Qianlong died The Qianlong cows are distinguished by having the 隆 written with 岙 instead of 生 and are known as 山隆 Shan Longs At the beginning Of the reign there 145 shortage Of cash, but as more and more copper became available from the Yunnan mines; casting was rapidly increased, both 迎 Peking and 边 the provinces. It reached a peak Of some 3.7 million strings a year by the middle Of the reign, but subsequently declined 83 the supply Of Yunnan copper decreased During the last Wfteen years O[ the reign; tbe quality of the coinage began to deteriorate, and the exchange Tate TOse tom 800 cagh for a liang Of silver to 1,000 cash Despite strongly worded Edicts: If the Governor Generals regard this a8 a mere document and do not at all times examine i carefully 讧 the regulation coins are not We the offcial model, and the unoffcial casting is not completely eradicated, We will fnd this out and most certainly those Governor Generals wll be punished。 all the provincial mints were closed in 1794, to re-open in 1796 issuing 8 reformed coinage of good weight and appearance",,,296,16
22.165,Yongzheng,1723-1735,Shi Zong,"Kaifeng, Henan",雍正逦寰 Yong Zherg tong bao,Wu chang; Hubei Rev: Boo U left and right,,,293,13
22.166,Yongzheng,1723-1735,Shi Zong,"Kaifeng, Henan",雍正逦寰 Yong Zherg tong bao,"Closed head one dot tong。 1729-33. PD2280 Closed head, two dot tong。 1729-33 盏",0,1729-33,293,13
22.167,Yongzheng,1723-1735,Shi Zong,"Kaifeng, Henan",雍正逦寰 Yong Zherg tong bao,"32.168 Square head, two dot tong。 1729-33",,1729-33,293,13
22.171,Yongzheng,1723-1735,Shi Zong,"Nanchang, Jiangxi",雍正通耷 Yong Zheng tong bao,"Rev: Boo chang left and right。 1729-32 卫02283 11 Jinan;, Sbandong",3,1729-32,294,14
22.172,Yongzheng,1723-1735,Shi Zong,"Nanchang, Jiangxi",雍正通耷 Yong Zheng tong bao,Rev: Boo ji left and right 1729-30。 卫02291 14,1,1729-30,294,14
22.170,Yongzheng,1723-1735,Shi Zong,"Suzhou, Jiangsu",雍正通耷 Yong Zheng tong bao,"Rev: Boo SU left and right. 1730-32。 卫02285,5145715 1? furnaces yielded 71,880 strings a year",5,1730-32,294,14
22.173,Yongzheng,1723-1735,Shi Zong,"Taiyuan, Shanxi",雍正通耷 Yong Zheng tong bao,One dot tong; broad rimg。 1729,,,294,14
22.174,Yongzheng,1723-1735,Shi Zong,"Taiyuan, Shanxi",雍正通耷 Yong Zheng tong bao,"Two dot tong。 Nominal weight 1.4 qian. 1730-31. TD2292 """,2,1730-31,294,14
22.175,Yongzheng,1723-1735,Shi Zong,"Taiyuan, Shanxi",雍正通耷 Yong Zheng tong bao,Two dot tong. Nominal weight 1.2 qian. Large Manchu. 1735,,,294,14
22.370,Qianlong,1736-1795,Gao Zong,"Aksu, Xinjiang",乾隆通穿 Qian Long tong bao,Square head tong。 10,10,,310,30
22.371,Qianlong,1736-1795,Gao Zong,"Aksu, Xinjiang",乾隆通穿 Qian Long tong bao,"Closed head tong;, seven stroke bei。 10",,,310,30
22.372,Qianlong,1736-1795,Gao Zong,"Aksu, Xinjiang",乾隆通穿 Qian Long tong bao,"Closed head tong, six stroke bei。 10",,,310,30
22.373,Qianlong,1736-1795,Gao Zong,"Aksu, Xinjiang",乾隆通穿 Qian Long tong bao,"Long with 岙 10 Copper collection records indicale that casting was 500-600 strings a year. In 1766, the minl was moued to Ushui 44written with two strokes。 Normal weight and gize. Posthumous issueg",,,310,30
22.374,Qianlong,1736-1795,Gao Zong,"Aksu, Xinjiang",乾隆通穿 Qian Long tong bao,Cong with 岙. Peet of bei Jiaqing period 1800-20,,1800-20,310,30
22.375,Qianlong,1736-1795,Gao Zong,"Aksu, Xinjiang",乾隆通穿 Qian Long tong bao,Peet of bei 1800.20 I,,1800-20,310,30
22.376,Qianlong,1736-1795,Gao Zong,"Aksu, Xinjiang",乾隆通穿 Qian Long tong bao,"Square head tong。 Daoguang period。 1821.28 Casting levels were trregular, between ? 000 and 6,000 strings a Vear。 In 1798 the",,1821-28,310,30
22.377,Qianlong,1736-1795,Gao Zong,"Aksu, Xinjiang",乾隆通寞 Qian Long tong bao,Closed head two dot tong. Tailof Aqducurving Ight。 1878-8,,,311,31
22.378,Qianlong,1736-1795,Gao Zong,"Aksu, Xinjiang",乾隆通寞 Qian Long tong bao,Tailof Aqou curving left 1878-83,,1878-83,311,31
22.379,Qianlong,1736-1795,Gao Zong,"Aksu, Xinjiang",乾隆通寞 Qian Long tong bao,Closed head; one dot tong. Tail of Aqou curving left 1878-83,,1878-83,311,31
22.380,Qianlong,1736-1795,Gao Zong,"Aksu, Xinjiang",乾隆通寞 Qian Long tong bao,Tailof Aqou curving right。 1878-83。 #,,1878-83,311,31
22.381,Qianlong,1736-1795,Gao Zong,"Aksu, Xinjiang",乾隆通寞 Qian Long tong bao,"Square head, two dot tong。 1878-83",,1878-83,311,31
22.382,Qianlong,1736-1795,Gao Zong,"Aksu, Xinjiang",乾隆通寞 Qian Long tong bao,"Square head, one dot tong。 1878-83",,1878-83,311,31
22.383,Qianlong,1736-1795,Gao Zong,"Aksu, Xinjiang",乾隆通寞 Qian Long tong bao,Reverse inscription sideways。 1878.83,,1878-83,311,31
22.384,Qianlong,1736-1795,Gao Zong,"Aksu, Xinjiang",乾隆通寞 Qian Long tong bao,"Reverse inscription inverted 1878.83。 22.,385 Rev: Large circle above. Straight Aqou 1878.83。 1",1,1878-83,311,31
22.385,Qianlong,1736-1795,Gao Zong,"Aksu, Xinjiang",乾隆通穿 Qian Long tong bao,,,,311,31
22.386,Qianlong,1736-1795,Gao Zong,"Aksu, Xinjiang",乾隆通寞 Qian Long tong bao,Curly Aqou 1878.83,,1878-83,311,31
22.387,Qianlong,1736-1795,Gao Zong,"Aksu, Xinjiang",乾隆通寞 Qian Long tong bao,"Rev: 九 jiu (nine) above. Large characters。 1883。 14 22.,388 Snall characters。 1883. The 九 jlu stands for the ninth year of Guangvi, when Kinjiang was granted the status Ofa full province",,,311,31
22.388,Qianlong,1736-1795,Gao Zong,"Aksu, Xinjiang",乾隆通穿 Qian Long tong bao,Bmperor Gao 'Long,,,311,31
22.389,Qianlong,1736-1795,Gao Zong,"Aksu, Xinjiang",,Rev: 凿十 Dang shi (Value Ten) above and below 1883-85. 14,14,1883-85,312,32
22.390,Qianlong,1736-1795,Gao Zong,"Aksu, Xinjiang",,The -k of,,,312,32
22.391,Qianlong,1736-1795,Gao Zong,"Aksu, Xinjiang",,"Rev; 阿十4 shi (A[ksu] Ten) above and below。 1885-92. 14 Casting started again in 1878 after Xinjiang was recaptured from Ya 'qub Beg。 AI Arst only Qianlong coins were casl. TTe coin weighl Was 1.3 qian, and 4,000 strings a year were produced。 In Lhe spring O[ 1889, the mint was translerred IO the New Cil; and casling was icreased to 9,000 strings a year。 In 1892, Ue mint 1U0s transferred to",,1885-92,312,32
22.392,Qianlong,1736-1795,Gao Zong,"Aksu, Xinjiang",,Tail of Aqou curving to the left。 14,14,,312,32
22.393,Qianlong,1736-1795,Gao Zong,"Aksu, Xinjiang",,Tail of Aqou curly 14,,,312,32
22.394,Qianlong,1736-1795,Gao Zong,"Aksu, Xinjiang",,One dot tong 缶 fou bao。 14 TTese coins were made by the,,,312,32
22.448,Qianlong,1736-1795,Gao Zong,"Aksu, Xinjiang",乾隆通寞 Qian Long tong bao,Rev,,,318,38
22.454,Qianlong,1736-1795,Gao Zong,"Aksu, Xinjiang",乾隆通寞 Qian Long tong bao,通 %sss North 禺,,,318,38
22.456,Qianlong,1736-1795,Gao Zong,"Aksu, Xinjiang",乾隆通寞 Qian Long tong bao,,,,318,38
22.458,Qianlong,1736-1795,Gao Zong,"Aksu, Xinjiang",乾隆通寞 Qian Long tong bao,Wegt,,,318,38
22.459,Qianlong,1736-1795,Gao Zong,"Aksu, Xinjiang",乾隆通寞 Qian Long tong bao,North 磐,,,318,38
22.460,Qianlong,1736-1795,Gao Zong,"Aksu, Xinjiang",乾隆通寞 Qian Long tong bao,Bast,,,318,38
22.461,Qianlong,1736-1795,Gao Zong,"Aksu, Xinjiang",乾隆通寞 Qian Long tong bao,Emperor Ren Zong,,,318,38
22.463,Qianlong,1736-1795,Gao Zong,"Aksu, Xinjiang",乾隆通寞 Qian Long tong bao,North 9,,,318,38
22.464,Qianlong,1736-1795,Gao Zong,"Aksu, Xinjiang",乾隆通寞 Qian Long tong bao,Bast,,,318,38
22.467,Qianlong,1736-1795,Gao Zong,"Aksu, Xinjiang",乾隆通寞 Qian Long tong bao,North 粤,,,318,38
22.468,Qianlong,1736-1795,Gao Zong,"Aksu, Xinjiang",乾隆通寞 Qian Long tong bao,East,,,318,38
22.200,Qianlong,1736-1795,Gao Zong,"Board of Revenue (Boo-chiowan, Peking)",乾隆通贸 Qian Long tong bao,乙 of 乾 like a hook 1736,,,297,17
22.201,Qianlong,1736-1795,Gao Zong,"Board of Revenue (Boo-chiowan, Peking)",乾隆通贸 Qian Long tong bao,"Likea2 1736-39 15 Type B. Smaller characters, orthodoxly written",,1736-39,297,17
22.202,Qianlong,1736-1795,Gao Zong,"Board of Revenue (Boo-chiowan, Peking)",乾隆通贸 Qian Long tong bao,"Broad rims, distinct gap between the Os of boo。 1740-45。 卫02297,51464 16",7,1740-45,297,17
22.203,Qianlong,1736-1795,Gao Zong,"Board of Revenue (Boo-chiowan, Peking)",乾隆通贸 Qian Long tong bao,"Smaller rims, bao character looks top heavy 1746-53。 16",16,1746-53,297,17
22.204,Qianlong,1736-1795,Gao Zong,"Board of Revenue (Boo-chiowan, Peking)",乾隆通贸 Qian Long tong bao,"Smaller (23-24mm ) coins, often coarge workmanship 1754-60。 16 In 1740, to prevent forgery, the alloy was changed to 50% copper, 41.59 2inc; 6,590 lead, and 20 tin Metallurgical analyses show that Tpe Band subsequent Lypes contain tin , thereby confirming the dating: Type C.Square head tong; round head boo",,1754-60,297,17
22.205,Qianlong,1736-1795,Gao Zong,"Board of Revenue (Boo-chiowan, Peking)",乾隆通贸 Qian Long tong bao,"A transitional type。 1761? 15 Type D.Square head tong, slanting bottom stroke. 乙 Of 乾 like 2. Protruding head boo. 1761-67",,1761-67,297,17
22.206,Qianlong,1736-1795,Gao Zong,"Board of Revenue (Boo-chiowan, Peking)",乾隆通贸 Qian Long tong bao,Vertical stroke Of tong radical wavy West branch? 15,,,297,17
22.207,Qianlong,1736-1795,Gao Zong,"Board of Revenue (Boo-chiowan, Peking)",乾隆通贸 Qian Long tong bao,Six stroke bei。 Bast branch。 16,,,297,17
22.208,Qianlong,1736-1795,Gao Zong,"Board of Revenue (Boo-chiowan, Peking)",乾隆通贸 Qian Long tong bao,Top vertical stroke of the 卓of qian slanting South branch 16,,,297,17
22.209,Qianlong,1736-1795,Gao Zong,"Board of Revenue (Boo-chiowan, Peking)",乾隆通贸 Qian Long tong bao,Connecting stroke between head and body Of tong。 WVest branch 16,,,297,17
22.210,Qianlong,1736-1795,Gao Zong,"Board of Revenue (Boo-chiowan, Peking)",乾隆通贸 Qian Long tong bao,"Left protruding top of 『of long。 North branch 16 In 1726, the Board O[ Revenue mint had been divided into an Easl, South, West, and North branch minl each on separate premises. Now distincl privy marks for each branch appear: a difference in each character in accordance with (he points Of the Chinese compass (Easl on the lejt): The North branch had fewer fur nQCeg than the other branches and its coins are comparatively less common. See the map on p。445 Type }. Square head tong; slanting bottom stroke. 乙 Of 乾 like 么. Round head boo. 1768.73",,1768-73,297,17
22.211,Qianlong,1736-1795,Gao Zong,"Board of Revenue (Boo-chiowan, Peking)",乾隆通贸 Qian Long tong bao,Six stroke bei。 Last branch 16,,,297,17
22.212,Qianlong,1736-1795,Gao Zong,"Board of Revenue (Boo-chiowan, Peking)",乾隆通贸 Qian Long tong bao,Top vertical stroke Of the 卓of qian slanting。 South branch。 16,,,297,17
22.213,Qianlong,1736-1795,Gao Zong,"Board of Revenue (Boo-chiowan, Peking)",乾隆通贸 Qian Long tong bao,Connecting stroke between head and body of tong: WVest branch。 16,,,297,17
22.214,Qianlong,1736-1795,Gao Zong,"Board of Revenue (Boo-chiowan, Peking)",乾隆通贸 Qian Long tong bao,Left protruding top of 『of long。 North branch 16,,,297,17
22.215,Qianlong,1736-1795,Gao Zong,"Board of Revenue (Boo-chiowan, Peking)",乾隆通餐 Qian Long tong bao,Six stroke bei Bast branch。 15,,,298,18
22.216,Qianlong,1736-1795,Gao Zong,"Board of Revenue (Boo-chiowan, Peking)",乾隆通餐 Qian Long tong bao,Top vertical stroke of the 草0f qian straight South branch 15,,,298,18
22.217,Qianlong,1736-1795,Gao Zong,"Board of Revenue (Boo-chiowan, Peking)",乾隆通餐 Qian Long tong bao,Distinctive upward curving head on tong West branch。 15,,,298,18
22.218,Qianlong,1736-1795,Gao Zong,"Board of Revenue (Boo-chiowan, Peking)",乾隆通餐 Qian Long tong bao,"Left protruding top Of 『oflong。 North branch 15 Type R2.As Type RI, but larger, coarser characters。 Top Of boo well above the hole. 1775.81",,1775-81,298,18
22.219,Qianlong,1736-1795,Gao Zong,"Board of Revenue (Boo-chiowan, Peking)",乾隆通餐 Qian Long tong bao,Six stroke bei Bast branch。 16,,,298,18
22.220,Qianlong,1736-1795,Gao Zong,"Board of Revenue (Boo-chiowan, Peking)",乾隆通餐 Qian Long tong bao,Top vertical stroke of the 草 of qian straight。 South branch 16,,,298,18
22.221,Qianlong,1736-1795,Gao Zong,"Board of Revenue (Boo-chiowan, Peking)",乾隆通餐 Qian Long tong bao,"Distinctive upward curving head on tong: West branch 16 22.,222 Left protruding top of 『of long。 North branch。 16 Type Gl. 乙of 乾 like a hook. Protruding head boo. Smallrims. Quality often POOI。 1782-95",,1782-95,298,18
22.222,Qianlong,1736-1795,Gao Zong,"Board of Revenue (Boo-chiowan, Peking)",乾隆通贸 Qian Long tong bao,Rev,,,298,18
22.223,Qianlong,1736-1795,Gao Zong,"Board of Revenue (Boo-chiowan, Peking)",乾隆通餐 Qian Long tong bao,Sx stroke bei。 Bast branch。 16,,,298,18
22.224,Qianlong,1736-1795,Gao Zong,"Board of Revenue (Boo-chiowan, Peking)",乾隆通餐 Qian Long tong bao,Top vertical stroke Of the 卓of qian straight South branch 16,,,298,18
22.225,Qianlong,1736-1795,Gao Zong,"Board of Revenue (Boo-chiowan, Peking)",乾隆通餐 Qian Long tong bao,Distinctive upward curving head on tong: West branch。 16,,,298,18
22.226,Qianlong,1736-1795,Gao Zong,"Board of Revenue (Boo-chiowan, Peking)",乾隆通餐 Qian Long tong bao,"Left protruding top of 『of long。 North branch 16 Type G2.As Type G1, but broad rims。 1795",,,298,18
22.227,Qianlong,1736-1795,Gao Zong,"Board of Revenue (Boo-chiowan, Peking)",乾隆通餐 Qian Long tong bao,Six stroke bei。 Bast branch,,,298,18
22.228,Qianlong,1736-1795,Gao Zong,"Board of Revenue (Boo-chiowan, Peking)",乾隆通餐 Qian Long tong bao,Top vertical stroke of the 卓of qian straight。 South branch,,,298,18
22.229,Qianlong,1736-1795,Gao Zong,"Board of Revenue (Boo-chiowan, Peking)",乾隆通餐 Qian Long tong bao,Distinctive upward curving head on tong: 鲨 West branch,,,298,18
22.230,Qianlong,1736-1795,Gao Zong,"Board of Revenue (Boo-chiowan, Peking)",乾隆通餐 Qian Long tong bao,Left protruding top of 『of long。 North branch。 Casting by the,,,298,18
22.231,Qianlong,1736-1795,Gao Zong,"Board of Revenue (Boo-chiowan, Peking)",,Six stroke bei。 Last branch,,,299,19
22.232,Qianlong,1736-1795,Gao Zong,"Board of Revenue (Boo-chiowan, Peking)",,Top vertical stroke of the 卓of qian straight South branch,,,299,19
22.233,Qianlong,1736-1795,Gao Zong,"Board of Revenue (Boo-chiowan, Peking)",,Distinctive upward curving head on long。 West branch,,,299,19
22.234,Qianlong,1736-1795,Gao Zong,"Board of Revenue (Boo-chiowan, Peking)",,"No privy marks, square head tong。 North branch H2, Dots of tong oblique. QianlonglJiaqing branch privy marks。 1799-1800",,1799-1800,299,19
22.235,Qianlong,1736-1795,Gao Zong,"Board of Revenue (Boo-chiowan, Peking)",,Six stroke bei。 Bast branch,,,299,19
22.236,Qianlong,1736-1795,Gao Zong,"Board of Revenue (Boo-chiowan, Peking)",,Top vertical stroke Of the 卓of qian straight South branch,,,299,19
22.237,Qianlong,1736-1795,Gao Zong,"Board of Revenue (Boo-chiowan, Peking)",,Distinctive upward curving head on tong。 West branch,,,299,19
22.238,Qianlong,1736-1795,Gao Zong,"Board of Revenue (Boo-chiowan, Peking)",,"Protruding head boo, square head tong。 North branch H, Dots of tong horizontal. Jiaqing branch privy marks 1800",,,299,19
22.239,Qianlong,1736-1795,Gao Zong,"Board of Revenue (Boo-chiowan, Peking)",,"Six stroke bei, closed head tong。 Past branch",,,299,19
22.240,Qianlong,1736-1795,Gao Zong,"Board of Revenue (Boo-chiowan, Peking)",,"Square bead, two dot tong。 South branch",,,299,19
22.241,Qianlong,1736-1795,Gao Zong,"Board of Revenue (Boo-chiowan, Peking)",,"Closed head, one dot tong。 West branch",,,299,19
22.242,Qianlong,1736-1795,Gao Zong,"Board of Revenue (Boo-chiowan, Peking)",,Protruding bead tong: North branch 昱 # 密 13,,,299,19
22.243,Qianlong,1736-1795,Gao Zong,"Board of Revenue (Boo-chiowan, Peking)",,Type B。Cf,,,300,20
22.244,Qianlong,1736-1795,Gao Zong,"Board of Revenue (Boo-chiowan, Peking)",,Type D Protruding head boo。 1761.67. 13,13,1761-67,300,20
22.245,Qianlong,1736-1795,Gao Zong,"Board of Revenue (Boo-chiowan, Peking)",,"Type 卫 Round head boo, rectangular chiowan。 1768.73",,1768-73,300,20
22.246,Qianlong,1736-1795,Gao Zong,"Board of Revenue (Boo-chiowan, Peking)",,Type Fl. 乙 of 乾 like a hook. Compact tong; one dot 1774.95。 k,,1774-95,300,20
22.247,Qianlong,1736-1795,Gao Zong,"Board of Revenue (Boo-chiowan, Peking)",,"Palace coins。 Large coins, diameter over 27m皿, weight 5-7 Brams These were introduced in 1752 for use in the Palace by the guards and eunuchs。 Their offcial weight was 1.6 qian; Their alloy was high quality brass composed of 60% copper and 40% zinc。 In popular speech they were Kown a5 Bua deng qian (amp hanging money) Or huang gaizi (ellow covers)",,,300,20
22.277,Qianlong,1736-1795,Gao Zong,"Board of Revenue (Boo-chiowan, Peking)",乾隆通簧 Qian Long tong bao,Closed head tong; local style_ 1748.70,,1748-70,303,23
22.278,Qianlong,1736-1795,Gao Zong,"Board of Revenue (Boo-chiowan, Peking)",乾隆通簧 Qian Long tong bao,Square head top vertical stroke of the 卓of qian slanting: 1771-94。 碧 tong,,1771-94,303,23
22.279,Qianlong,1736-1795,Gao Zong,"Board of Revenue (Boo-chiowan, Peking)",乾隆通簧 Qian Long tong bao,"Square bead tong top vertical stroke of the 卓of qian straight。 1771.94。 16 The Guangdong mint cast arond 34,000 strings a year",,1771-94,303,23
22.284,Qianlong,1736-1795,Gao Zong,"Board of Revenue (Boo-chiowan, Peking)",乾隆通篝 Qian Long tong bao,"Open bei, local type 1739.50. 16",16,1739-50,304,24
22.285,Qianlong,1736-1795,Gao Zong,"Board of Revenue (Boo-chiowan, Peking)",乾隆通篝 Qian Long tong bao,"Closed bei, closed bead 1751.54",,1751-54,304,24
22.286,Qianlong,1736-1795,Gao Zong,"Board of Revenue (Boo-chiowan, Peking)",乾隆通篝 Qian Long tong bao,Square head tong. Tong 生 1755.59. 1,1,1755-59,304,24
22.287,Qianlong,1736-1795,Gao Zong,"Board of Revenue (Boo-chiowan, Peking)",乾隆通篝 Qian Long tong bao,"Square head tonB。 Long with 击. Reddish alloy 1760.94 16 Not connected with the Peking Shanlongs, which were a Bood quality issile。 At frst the mint was in the Bijie district and cast 45,000,then 90,000 strings 0 year。 In 1759, the minl was moued to Guiyag: Casting rose to 172,500 strings a year; but reverted to 96,000 strings in 1770. In 1787,5 furnaces were moved to Dading to provide additonal Dayments for the Anlong and Dading troops",,1760-94,304,24
22.309,Qianlong,1736-1795,Gao Zong,"Board of Revenue (Boo-chiowan, Peking)",乾隆通窦 Qian Long tong bao,"Large, cuuved top SU。 1748-55. 16 22.,310-314 Next page",,1748-55,305,25
22.311,Qianlong,1736-1795,Gao Zong,"Board of Revenue (Boo-chiowan, Peking)",乾隆通窦 Qian Long tong bao,,,,306,26
22.312,Qianlong,1736-1795,Gao Zong,"Board of Revenue (Boo-chiowan, Peking)",乾隆通窦 Qian Long tong bao,,,,306,26
22.315,Qianlong,1736-1795,Gao Zong,"Board of Revenue (Boo-chiowan, Peking)",乾隆通窦 Qian Long tong bao,"-6 Broad rim coins 10 Oflen referred to as sample coins, bul they are too plentiful to have been part O[ the len sample coins Lhat ULeFe presenled to the court for inspection each Jear. Posstbly produced by the mint workers for use as charms Or New Year gifts: Also known as Chang Ping cotns because Of their resemblance to the Korean coin (25.75) With Ihis inscription",,,305,25
22.317,Qianlong,1736-1795,Gao Zong,"Board of Revenue (Boo-chiowan, Peking)",乾隆通窦 Qian Long tong bao,,,,306,26
22.318,Qianlong,1736-1795,Gao Zong,"Board of Revenue (Boo-chiowan, Peking)",乾隆通窦 Qian Long tong bao,,,,306,26
22.319,Qianlong,1736-1795,Gao Zong,"Board of Revenue (Boo-chiowan, Peking)",,"Protruding head boo 1752.56。 16 Coastal Province types。 22.,320 Closed head, two dot tong。 1756-66。 16",16,1752-56,306,26
22.320,Qianlong,1736-1795,Gao Zong,"Board of Revenue (Boo-chiowan, Peking)",乾隆通窦 Qian Long tong bao,,,,306,26
22.321,Qianlong,1736-1795,Gao Zong,"Board of Revenue (Boo-chiowan, Peking)",,Srotruding bead; one dot tong。 1766-83。 16,16,1766-83,306,26
22.322,Qianlong,1736-1795,Gao Zong,"Board of Revenue (Boo-chiowan, Peking)",,"Protruding head, two dot tong: 1784-94 16 Produclion was generally 42,000 strings a year; between 1744 and 1770 让 was 69,887 strings to accommo Jale elro pay for the army",,1784-94,306,26
22.326,Qianlong,1736-1795,Gao Zong,"Board of Revenue (Boo-chiowan, Peking)",,Local type; triangular head tong。 1761.70 嚣,,1761-70,307,27
22.331,Qianlong,1736-1795,Gao Zong,"Board of Revenue (Boo-chiowan, Peking)",,"Local type; very variable 1754.84 卫02313,51468 16",3,1754-84,307,27
22.332,Qianlong,1736-1795,Gao Zong,"Board of Revenue (Boo-chiowan, Peking)",,Smaller coin narrow characters。 16,,,307,27
22.338,Qianlong,1736-1795,Gao Zong,"Board of Revenue (Boo-chiowan, Peking)",乾隆通C Qian Long tong bao,Wide head on tong. V shaped Y-on yun Dongchuan Old mint。 1741-94。 16,16,1741-94,308,28
22.339,Qianlong,1736-1795,Gao Zong,"Board of Revenue (Boo-chiowan, Peking)",乾隆通C Qian Long tong bao,Yshaped y- on yun. Wide head on tong。 Dongchuan New mint 1753-79. 16,16,1753-79,308,28
22.340,Qianlong,1736-1795,Gao Zong,"Board of Revenue (Boo-chiowan, Peking)",乾隆通C Qian Long tong bao,Small head on tong。 Dali 1744-70,,1744-70,308,28
22.341,Qianlong,1736-1795,Gao Zong,"Board of Revenue (Boo-chiowan, Peking)",乾隆通C Qian Long tong bao,Square head tong。 Shunning: 1764.70,,1764-70,308,28
22.342,Qianlong,1736-1795,Gao Zong,"Board of Revenue (Boo-chiowan, Peking)",乾隆通C Qian Long tong bao,Hook of top Of bao Baoshan 1776-78 $,,1776-78,308,28
22.343,Qianlong,1736-1795,Gao Zong,"Board of Revenue (Boo-chiowan, Peking)",乾隆通C Qian Long tong bao,Degenerate type ?Dal。 1776.80,,1776-80,308,28
22.344,Qianlong,1736-1795,Gao Zong,"Board of Revenue (Boo-chiowan, Peking)",乾隆通C Qian Long tong bao,Bottom Of long lke 山 shan,,,308,28
22.345,Qianlong,1736-1795,Gao Zong,"Board of Revenue (Boo-chiowan, Peking)",乾隆通C Qian Long tong bao,Curved left foot of bao。 Large ! long。 Lin an 1736-79。 16,16,1736-79,308,28
22.346,Qianlong,1736-1795,Gao Zong,"Board of Revenue (Boo-chiowan, Peking)",乾隆通C Qian Long tong bao,"Wedge shaped toP gtroke Of bao. Neat clear, characters。 Guangxi-fu. 1736-40。 16",16,1736-40,308,28
22.347,Qianlong,1736-1795,Gao Zong,"Board of Revenue (Boo-chiowan, Peking)",乾隆通C Qian Long tong bao,"Similar, but less well made。 Guangxi-fu. 1751.79 16",16,1751-79,308,28
22.348,Qianlong,1736-1795,Gao Zong,"Board of Revenue (Boo-chiowan, Peking)",乾隆通C Qian Long tong bao,"Very long Y- on yUn. Poor quality Qujing。 1777.79 12 Numerous mints were Opened and closed in the province Of Yunnan during the Qianlong period。 However they all used the Boo yun mint name。 By comparing the quantities Ol the various types found with the delailed production records Of the period, and from other evidence; atlributions to individual mints can o urriued al",,1777-79,308,28
22.354,Qianlong,1736-1795,Gao Zong,"Board of Revenue (Boo-chiowan, Peking)",乾隆通C Qian Long tong bao,,,,309,29
22.355,Qianlong,1736-1795,Gao Zong,"Board of Revenue (Boo-chiowan, Peking)",乾隆通' Qian Long tong bao,Two dot tong。 1787.94,,1787-94,309,29
22.356,Qianlong,1736-1795,Gao Zong,"Board of Revenue (Boo-chiowan, Peking)",乾隆通' Qian Long tong bao,Broad rims Cf,,,309,29
22.357,Qianlong,1736-1795,Gao Zong,"Board of Revenue (Boo-chiowan, Peking)",乾隆通C Qian Long tong bao,,,,309,29
22.358,Qianlong,1736-1795,Gao Zong,"Board of Revenue (Boo-chiowan, Peking)",乾隆通' Qian Long tong bao,Medium characters 1752.54。 16,16,1752-54,309,29
22.359,Qianlong,1736-1795,Gao Zong,"Board of Revenue (Boo-chiowan, Peking)",乾隆通' Qian Long tong bao,Small characters 1755.76 16,16,1755-76,309,29
22.360,Qianlong,1736-1795,Gao Zong,"Board of Revenue (Boo-chiowan, Peking)",乾隆通' Qian Long tong bao,,,,309,29
22.361,Qianlong,1736-1795,Gao Zong,"Board of Revenue (Boo-chiowan, Peking)",乾隆通' Qian Long tong bao,Square head tong; 乙 of 乾 like 82 1789.87. 碧,,1789-87,309,29
22.362,Qianlong,1736-1795,Gao Zong,"Board of Revenue (Boo-chiowan, Peking)",乾隆通' Qian Long tong bao,"Square head torg; 乙 of 乾 like a hook 1788-96。 16 The shape Of the Manchu jyi gave Zhili mint the nickname Of the ""chicken claw mint Casting levels uaried belueen 45,000 and 73,800 strings a year",,1788-96,309,29
22.416,Qianlong,1736-1795,Gao Zong,"Board of Revenue (Boo-chiowan, Peking)",乾隆通寰 Qian Long tong bao,Larger reverse characters。 1878-83,,1878-83,314,34
22.248,Qianlong,1736-1795,Gao Zong,"Board of Works (Boo-yuwan, Peking)",乾隆通寞 Qian Long tong bao,乙 of 乾 like a hook. 1736,,,301,21
22.249,Qianlong,1736-1795,Gao Zong,"Board of Works (Boo-yuwan, Peking)",乾隆通寞 Qian Long tong bao,乙of 乾 lilke a么. Vertical gtroke in radical Of tong straight。 1736,,,301,21
22.250,Qianlong,1736-1795,Gao Zong,"Board of Works (Boo-yuwan, Peking)",乾隆通寞 Qian Long tong bao,"Vertical stroke in radical of tong WaVY. 1736-39. Type B.Smaller coins, orthodoxly written",,1736-39,301,21
22.251,Qianlong,1736-1795,Gao Zong,"Board of Works (Boo-yuwan, Peking)",乾隆通寞 Qian Long tong bao,"Broad rims, distinct gap between the Os Of boo。 1740.45. 卫02306,51466",6,1740-45,301,21
22.252,Qianlong,1736-1795,Gao Zong,"Board of Works (Boo-yuwan, Peking)",乾隆通寞 Qian Long tong bao,Smaller rims; bao character looks top heavy 1746.53,,1746-53,301,21
22.253,Qianlong,1736-1795,Gao Zong,"Board of Works (Boo-yuwan, Peking)",乾隆通寞 Qian Long tong bao,Different yuwan,,,301,21
22.254,Qianlong,1736-1795,Gao Zong,"Board of Works (Boo-yuwan, Peking)",乾隆通寞 Qian Long tong bao,"Smaller (23.24mm) coins, often coarse workmanship 1754-60. Type D",,1754-60,301,21
22.255,Qianlong,1736-1795,Gao Zong,"Board of Works (Boo-yuwan, Peking)",乾隆通寞 Qian Long tong bao,Protruding head boo。 1761-67. Type 卫,,1761-67,301,21
22.256,Qianlong,1736-1795,Gao Zong,"Board of Works (Boo-yuwan, Peking)",乾隆通寞 Qian Long tong bao,Round head boo. Smaller characters。 1768.73。 Type Fl,,1768-73,301,21
22.257,Qianlong,1736-1795,Gao Zong,"Board of Works (Boo-yuwan, Peking)",乾隆通寞 Qian Long tong bao,Distinctive upward cuving head on tong。 Cf,,,301,21
22.258,Qianlong,1736-1795,Gao Zong,"Board of Works (Boo-yuwan, Peking)",乾隆通霹 Qian Long tong bao,Closed head tong。 New branch 16,,,302,22
22.259,Qianlong,1736-1795,Gao Zong,"Board of Works (Boo-yuwan, Peking)",乾隆通霹 Qian Long tong bao,"Square head, two dot tong。 Old branch。 16",,,302,22
22.260,Qianlong,1736-1795,Gao Zong,"Board of Works (Boo-yuwan, Peking)",乾隆通霹 Qian Long tong bao,"Square head, one dot tong。 Auiliary furnaces 16 In 1726, the",,,302,22
22.261,Qianlong,1736-1795,Gao Zong,"Board of Works (Boo-yuwan, Peking)",乾隆通霹 Qian Long tong bao,Closed head tong。 New branch。 16,,,302,22
22.262,Qianlong,1736-1795,Gao Zong,"Board of Works (Boo-yuwan, Peking)",乾隆通霹 Qian Long tong bao,"Square head, two dot tong。 Old branch。 16",,,302,22
22.263,Qianlong,1736-1795,Gao Zong,"Board of Works (Boo-yuwan, Peking)",乾隆通霹 Qian Long tong bao,Square head one dot tong Auxiliary furnaces_ 16 Type 珏 Shanlongs. Special form of 隆 long with 舌 instead of 生. Closed bei。 H1. Dots of torg vertical. 乙 of 乾 with straight lines. Good sized coins。 1796.99,,1796-99,302,22
22.264,Qianlong,1736-1795,Gao Zong,"Board of Works (Boo-yuwan, Peking)",乾隆通霹 Qian Long tong bao,Closed head tong。 New branch 15,,,302,22
22.265,Qianlong,1736-1795,Gao Zong,"Board of Works (Boo-yuwan, Peking)",乾隆通霹 Qian Long tong bao,"Square head, two dot tong Old branch。 15 H2. Dots of tong vertical. 乙 of 乾 with curved lines。 1796-99",,1796-99,302,22
22.266,Qianlong,1736-1795,Gao Zong,"Board of Works (Boo-yuwan, Peking)",乾隆通霹 Qian Long tong bao,Closed head tong New branch。 15,,,302,22
22.267,Qianlong,1736-1795,Gao Zong,"Board of Works (Boo-yuwan, Peking)",乾隆通霹 Qian Long tong bao,"Square head, two dot tong。 Old branch。 15 H3. Dots of tong oblique. Y- ofyuwan short and straight。 1800",,,302,22
22.268,Qianlong,1736-1795,Gao Zong,"Board of Works (Boo-yuwan, Peking)",乾隆通霹 Qian Long tong bao,Closed head tong New branch,,,302,22
22.269,Qianlong,1736-1795,Gao Zong,"Board of Works (Boo-yuwan, Peking)",乾隆通霹 Qian Long tong bao,"Square head, two dot tong。 Old branch。 密",,,302,22
22.270,Qianlong,1736-1795,Gao Zong,"Board of Works (Boo-yuwan, Peking)",乾隆通霹 Qian Long tong bao,"Square head, one dot tong。 Auxiliary furnaces。 Casting by the",,,302,22
22.275,Qianlong,1736-1795,Gao Zong,"Board of Works (Boo-yuwan, Peking)",乾隆通霹 Qian Long tong bao,,,,303,23
22.419,Qianlong,1736-1795,Gao Zong,"Board of Works (Boo-yuwan, Peking)",乾隆通寰 Qian Long tong bao,Local style。 1878-83. Although appearing to bear Ihe names Of the Peking mints; the redl copper ard (e workmanship Of these Colns shows them Lo be Jinjiang isstes。 See also,,1878-83,314,34
22.299,Qianlong,1736-1795,Gao Zong,"Changsha, Hunan",乾隆通窦 Qian Long tong bao,Round head boo。 81482,,,305,25
22.300,Qianlong,1736-1795,Gao Zong,"Changsha, Hunan",乾隆通窦 Qian Long tong bao,Oval head boo,,,305,25
22.301,Qianlong,1736-1795,Gao Zong,"Changsha, Hunan",乾隆通窦 Qian Long tong bao,Protruding head boo。 篱,,,305,25
22.302,Qianlong,1736-1795,Gao Zong,"Changsha, Hunan",乾隆通窦 Qian Long tong bao,"Large nan。 Closed head tong, dot of nan opposite the -a。1757-63",,1757-63,305,25
22.303,Qianlong,1736-1795,Gao Zong,"Changsha, Hunan",乾隆通窦 Qian Long tong bao,-4 15 Square head tong。 1764.94,,1764-94,305,25
22.305,Qianlong,1736-1795,Gao Zong,"Changsha, Hunan",乾隆通窦 Qian Long tong bao,Medium nan。 15,,,305,25
22.306,Qianlong,1736-1795,Gao Zong,"Changsha, Hunan",乾隆通窦 Qian Long tong bao,Very large nan。 51483 15,15,,305,25
22.307,Qianlong,1736-1795,Gao Zong,"Changsha, Hunan",乾隆通窦 Qian Long tong bao,"Smallnan 16 Production started at 24,000 strings a year; doubled in 1753 so as to provide army pay doubled again in 1756 as UUOS plentiful, and Teached 193,000 strings in 1759 as the mint WQs SUpplying coins for Kin- jang。I cne, pracnlertfoeinedd aenchego grinoo Ccppe ianeeoans Hermant wnc glingcoinsces oi IInes al Chengui",,,305,25
22.334,Qianlong,1736-1795,Gao Zong,"Chengdu, Sichuan",,"Large tong。 1736-69. 卫02323,51484 16",3,1736-69,307,27
22.335,Qianlong,1736-1795,Gao Zong,"Chengdu, Sichuan",,"Bottom stroke of tong slanting 16 Casting levels varied: 1736,33,280 strings Da. 1738,73,800 (Increase in amounl Oarmy pay in coins)。 1746, 145,600 (15 New furnaces to Drovide coins [or Shaani)。 1753,111,627 (Stopped supplying Shaani with coins). 1755,291,200 (Erlra casting to pay for drilling Ol tribal army). 1781,194,133 (Tncludes bounties for local troops). In 1795-96,958,949 j Ofsmall coins were collected up and recast as regulation cotns",,1795-96,307,27
22.336,Qianlong,1736-1795,Gao Zong,"Chengdu, Sichuan",,"Taiwan。 Rev: Boo tai left and right。 17405。 pD2326,51487 13",6,,307,27
22.337,Qianlong,1736-1795,Gao Zong,"Chengdu, Sichuan",,,,,308,28
22.271,Qianlong,1736-1795,Gao Zong,"Fuzhou, Fujian",乾隆通簧 Qian Long tong bao,"Closed head, one dot tong。 1740-50. 卫02314,81469 16",4,1740-50,303,23
22.272,Qianlong,1736-1795,Gao Zong,"Fuzhou, Fujian",乾隆通簧 Qian Long tong bao,"Closed head, two dot tong。 1740-50。 16",16,1740-50,303,23
22.273,Qianlong,1736-1795,Gao Zong,"Fuzhou, Fujian",乾隆通簧 Qian Long tong bao,Protruding head; one dot tong。 1750.90。 16,16,1750-90,303,23
22.274,Qianlong,1736-1795,Gao Zong,"Fuzhou, Fujian",乾隆通簧 Qian Long tong bao,"Protruding head, two dot ton: 1750.90。 16 The Coastal Frovince Iype is a style of inscription found On the coins Of Jiangsu",,1750-90,303,23
22.276,Qianlong,1736-1795,Gao Zong,"Guangzhou, Guangdong",乾隆通簧 Qian Long tong bao,Closed head tong,,,303,23
22.280,Qianlong,1736-1795,Gao Zong,"Guilin, Guangxi",乾隆通簧 Qian Long tong bao,"Closed head tong. The Ofgui well below the hole。 1743-48 RD2319,51476 15",9,1743-48,303,23
22.281,Qianlong,1736-1795,Gao Zong,"Guilin, Guangxi",乾隆通簧 Qian Long tong bao,Closed head tong The Of level with the hole。 1749-69. 16,16,1749-69,303,23
22.282,Qianlong,1736-1795,Gao Zong,"Guilin, Guangxi",乾隆通簧 Qian Long tong bao,"Square head tong; Cf 22. l:二 1770-94 16 The Guangvi Gazetteer hasa Bood descriplion Of the mint premises and workers: A9 well as buildings for the furnaces; administrahon and security, there was room for the temple of the furnace god, and a shrine for the local gods. Each furnace had one foreman, one man to stoke the hre, Ono ma to pour the molten metal, one man Of al1 work, one man to tend the sand, one man to brush the ashes; one Ian t0 turn the coins On the lathe, one man to polish the coins; one man to attend to their edges; and One man to work the treadle。 Castng started at 28,800 strings a year; progressively rose to 96,000 strings by 1749 as Yunnan stopped supplying the provnce with coins, but dropped to 57,600 because of the shortage of Yunnan copperin 1779",,1770-94,303,23
22.283,Qianlong,1736-1795,Gao Zong,"Guilin, Guangxi",乾隆通篝 Qian Long tong bao,Open bei,,,304,24
22.297,Qianlong,1736-1795,Gao Zong,"Guilin, Guangxi",乾隆通篝 Qian Long tong bao,,,,304,24
22.298,Qianlong,1736-1795,Gao Zong,"Guilin, Guangxi",乾隆通篝 Qian Long tong bao,,,,304,24
22.349,Qianlong,1736-1795,Gao Zong,"Hangzhou, Zhejiang",乾隆通' Qian Long tong bao,"Closed ednead; one dot tong。 1740-51. 卫02315,51470 16",5,1740-51,309,29
22.350,Qianlong,1736-1795,Gao Zong,"Hangzhou, Zhejiang",乾隆通' Qian Long tong bao,"Closed head, two dot tong。 1740-51. 16",16,1740-51,309,29
22.351,Qianlong,1736-1795,Gao Zong,"Hangzhou, Zhejiang",乾隆通' Qian Long tong bao,Protruding head one dot tong。 1752.80,,1752-80,309,29
22.352,Qianlong,1736-1795,Gao Zong,"Hangzhou, Zhejiang",乾隆通' Qian Long tong bao,Bottom O[ long We 芷 Zheng。 ],,,309,29
22.353,Qianlong,1736-1795,Gao Zong,"Hangzhou, Zhejiang",乾隆通' Qian Long tong bao,"Protruding head, LO dot tong; 1752.80",,1752-80,309,29
22.414,Qianlong,1736-1795,Gao Zong,"Ili, Xinjiang",,,,,314,34
22.417,Qianlong,1736-1795,Gao Zong,"Ili, Xinjiang",,,,,314,34
22.323,Qianlong,1736-1795,Gao Zong,"Jinan, Shandong",,"Rev: Booji left and right. 1736-38. 卫02325,51486 11 Apart from the announcement Of the closure Of the mint there are TO records Of its operation during the Qianlong period",5,1736-38,306,26
22.324,Qianlong,1736-1795,Gao Zong,"Jinan, Shandong",,,,,307,27
22.325,Qianlong,1736-1795,Gao Zong,"Jinan, Shandong",,,,,307,27
22.327,Qianlong,1736-1795,Gao Zong,"Jinan, Shandong",,,,,307,27
22.328,Qianlong,1736-1795,Gao Zong,"Jinan, Shandong",,,,,307,27
22.329,Qianlong,1736-1795,Gao Zong,"Jinan, Shandong",,,,,307,27
22.330,Qianlong,1736-1795,Gao Zong,"Jinan, Shandong",,,,,307,27
22.333,Qianlong,1736-1795,Gao Zong,"Jinan, Shandong",,,,,307,27
22.100,Qianlong,1736-1795,Gao Zong,"Kashgar, Xinjiang",,Small characters。 Rev: No markg。 1775-95,,1775-95,313,33
22.106,Qianlong,1736-1795,Gao Zong,"Kashgar, Xinjiang",,"Closed head long angular boo, Rev: No marks 1825-50. `",,1825-50,313,33
22.108,Qianlong,1736-1795,Gao Zong,"Kashgar, Xinjiang",,"Rev: Marks above and below。 1825.50。 The minl opened in 1775, with 2 furnaces casting 1,200, and later 1,700 strings a year",,1825-50,313,33
22.395,Qianlong,1736-1795,Gao Zong,"Kashgar, Xinjiang",,"Large characters, head of tong sloping up. Rev: No marks。 1775-95.102327",,1775-95,313,33
22.396,Qianlong,1736-1795,Gao Zong,"Kashgar, Xinjiang",,Rev: Mark above hole 1775-95,,1775-95,313,33
22.397,Qianlong,1736-1795,Gao Zong,"Kashgar, Xinjiang",,Rev; Mark above and below hole 1775-95,,1775-95,313,33
22.398,Qianlong,1736-1795,Gao Zong,"Kashgar, Xinjiang",,Head of tong straisht. Rev: No marks 1775.95 葚,,1775-95,313,33
22.399,Qianlong,1736-1795,Gao Zong,"Kashgar, Xinjiang",,Rev: Mark above hole。 1775.95,,1775-95,313,33
22.400,Qianlong,1736-1795,Gao Zong,"Kashgar, Xinjiang",,,,,313,33
22.401,Qianlong,1736-1795,Gao Zong,"Kashgar, Xinjiang",,Rev: With long bottom stroke 1775.95。 Posthumous issues,,1775-95,313,33
22.402,Qianlong,1736-1795,Gao Zong,"Kashgar, Xinjiang",,Six stroke bei。 Lirge boo Rev: No marks。 Jiaqing period 1796-1820. 12,12,1796-1820,313,33
22.403,Qianlong,1736-1795,Gao Zong,"Kashgar, Xinjiang",,Rev: Mark above hole 1796-1820,,1796-1820,313,33
22.404,Qianlong,1736-1795,Gao Zong,"Kashgar, Xinjiang",,Square head tong. Rev: No marks。 Daoguang pemod。 1821.35,,1821-35,313,33
22.405,Qianlong,1736-1795,Gao Zong,"Kashgar, Xinjiang",,Rev: Large dot above 1821-25,,1821-25,313,33
22.406,Qianlong,1736-1795,Gao Zong,"Kashgar, Xinjiang",,,,,313,33
22.407,Qianlong,1736-1795,Gao Zong,"Kashgar, Xinjiang",,,,,313,33
22.408,Qianlong,1736-1795,Gao Zong,"Kashgar, Xinjiang",,Emperor Gao Zong,,,313,33
22.111,Qianlong,1736-1795,Gao Zong,"Kucha, Xinjiang",乾隆通寰 Qian Long tong bao,Crescent above 1878-83。 14 14 14,14,1878-83,314,34
22.410,Qianlong,1736-1795,Gao Zong,"Kucha, Xinjiang",乾隆通寰 Qian Long tong bao,Rough style 1878-83,,1878-83,314,34
22.411,Qianlong,1736-1795,Gao Zong,"Kucha, Xinjiang",乾隆通寰 Qian Long tong bao,Very rough style。 1878.83,,1878-83,314,34
22.412,Qianlong,1736-1795,Gao Zong,"Kucha, Xinjiang",乾隆通寰 Qian Long tong bao,Rev,,,314,34
22.413,Qianlong,1736-1795,Gao Zong,"Kucha, Xinjiang",乾隆通寰 Qian Long tong bao,Rev: No additional marks 1878.83,,1878-83,314,34
22.415,Qianlong,1736-1795,Gao Zong,"Kucha, Xinjiang",乾隆通寰 Qian Long tong bao,Rev,,,314,34
22.420,Qianlong,1736-1795,Gao Zong,"Kucha, Xinjiang",乾隆通饔 Qian Long tong bao,Rev,,,315,35
22.421,Qianlong,1736-1795,Gao Zong,"Kucha, Xinjiang",乾隆通饔 Qian Long tong bao,庳十 Ku shi (Iu[che] Ten) above and below。 1886.88 13,13,1886-88,315,35
22.422,Qianlong,1736-1795,Gao Zong,"Kucha, Xinjiang",乾隆通饔 Qian Long tong bao,The same TeVer8e inscription inverted 1886-88,,1886-88,315,35
22.423,Qianlong,1736-1795,Gao Zong,"Kucha, Xinjiang",乾隆通饔 Qian Long tong bao,"Cruder, sprawling characters",,,315,35
22.424,Qianlong,1736-1795,Gao Zong,"Kucha, Xinjiang",乾隆通饔 Qian Long tong bao,什 shi,,,315,35
22.425,Qianlong,1736-1795,Gao Zong,"Kucha, Xinjiang",乾隆通饔 Qian Long tong bao,十 shi,,,315,35
22.426,Qianlong,1736-1795,Gao Zong,"Kucha, Xinjiang",乾隆通饔 Qian Long tong bao,"Two dot tong. Narrow ""chiowan"" ?189Us 14",,,315,35
22.427,Qianlong,1736-1795,Gao Zong,"Kucha, Xinjiang",乾隆通饔 Qian Long tong bao,One dot tong. Broad `chlowan ?1890s 11 Probably mnde by,,,315,35
22.428,Qianlong,1736-1795,Gao Zong,"Kucha, Xinjiang",乾隆通饔 Qian Long tong bao,,,,316,36
22.437,Qianlong,1736-1795,Gao Zong,"Kucha, Xinjiang",乾隆通饔 Qian Long tong bao,Emperor Gao Zong,,,316,36
22.310,Qianlong,1736-1795,Gao Zong,"Suzhou, Jiangsu",,"Closed head, two dot long。 1756.65。 TD2316,51471 16",6,1756-65,306,26
22.313,Qianlong,1736-1795,Gao Zong,"Suzhou, Jiangsu",,Protruding head tong: SmallsU。 1788.94。 16,16,1788-94,306,26
22.314,Qianlong,1736-1795,Gao Zong,"Suzhou, Jiangsu",,"Protruding head tong。 Large SU。 1788.94。 16 Production was generally 111,700 strings 0 Jear。 In 1778, the alloy UUOS altered to 0 miiture Of apanese and Yunnan copper; with zinc used instead Of lead。 The cheap Yuman copper Was producing coins OLan unattractive dark Colow",,1788-94,306,26
22.429,Qianlong,1736-1795,Gao Zong,"Ushi, Xinjiang",乾隆通寞 Qian Long tong bao,Square head tong; slanting 之 1766-69。 器,,1766-69,316,36
22.430,Qianlong,1736-1795,Gao Zong,"Ushi, Xinjiang",乾隆通寞 Qian Long tong bao,Square head tong: curved 1766-69,,1766-69,316,36
22.431,Qianlong,1736-1795,Gao Zong,"Ushi, Xinjiang",乾隆通寞 Qian Long tong bao,"隆 Long written with a 岙: Broad rims, nominal weight 2 qian。 1770.71。卫02329 11 The 隆 long written with a 岙. Ordinary rims; weight 3 to 5 gramg",9,1770-71,316,36
22.432,Qianlong,1736-1795,Gao Zong,"Ushi, Xinjiang",乾隆通寞 Qian Long tong bao,Large hook at the end of Zohi 1771-98 15,15,1771-98,316,36
22.433,Qianlong,1736-1795,Gao Zong,"Ushi, Xinjiang",乾隆通寞 Qian Long tong bao,"Small hook at the end of Uf 1771-98 15 In 1766, the Akst mint was ordered to transfer its casting to",,1771-98,316,36
22.288,Qianlong,1736-1795,Gao Zong,"Wuchang, Hubei",乾隆通篝 Qian Long tong bao,Top O[ua short stroke。 Rev; Plain。 16,,,304,24
22.289,Qianlong,1736-1795,Gao Zong,"Wuchang, Hubei",乾隆通篝 Qian Long tong bao,Rev: Large dot above。 15,15,,304,24
22.290,Qianlong,1736-1795,Gao Zong,"Wuchang, Hubei",乾隆通篝 Qian Long tong bao,Rev: Large dot below。 51474,,,304,24
22.291,Qianlong,1736-1795,Gao Zong,"Wuchang, Hubei",乾隆通篝 Qian Long tong bao,"Top ofu a IonB gtroke。 Rev: Plamn。 002317,81473 盏",,,304,24
22.292,Qianlong,1736-1795,Gao Zong,"Wuchang, Hubei",乾隆通篝 Qian Long tong bao,Rev: Large dot below。 Square head tong. 尔 Br bao. Bottom of 隆 long lke 生- 1764-85,,1764-85,304,24
22.293,Qianlong,1736-1795,Gao Zong,"Wuchang, Hubei",乾隆通篝 Qian Long tong bao,Top Ofu bent。 Rev; Plain 51472 16,16,,304,24
22.294,Qianlong,1736-1795,Gao Zong,"Wuchang, Hubei",乾隆通篝 Qian Long tong bao,Rev: Large dot below. 16,16,,304,24
22.295,Qianlong,1736-1795,Gao Zong,"Wuchang, Hubei",乾隆通篝 Qian Long tong bao,"Top Ofu a long gtroke。 Closed head tong; 缶 Fou bao. Red coins;, poor workmanship 1786-94",,1786-94,304,24
22.296,Qianlong,1736-1795,Gao Zong,"Wuchang, Hubei",乾隆通篝 Qian Long tong bao,-8 Differences in boo &c。 16,,,304,24
22.304,Qianlong,1736-1795,Gao Zong,"Wuchang, Hubei",乾隆通篝 Qian Long tong bao,,,,305,25
22.308,Qianlong,1736-1795,Gao Zong,"Wuchang, Hubei",乾隆通篝 Qian Long tong bao,,,,305,25
22.316,Qianlong,1736-1795,Gao Zong,"Wuchang, Hubei",乾隆通篝 Qian Long tong bao,Emperor Gao Zong,,,305,25
22.435,Qianlong,1736-1795,Gao Zong,"Yarkand, Xinjiang",乾隆通寞 Qian Long tong bao,Closed head long。 1760-69,,1760-69,316,36
22.436,Qianlong,1736-1795,Gao Zong,"Yarkand, Xinjiang",乾隆通寞 Qian Long tong bao,"Square head tong。 1760-69。 11 Rev: Yerkiyang left , N(a)uR(a)n dright",,1760-69,316,36
22.560,Jiaqing,1796-1820,Ren Zong,"Aksu, Xinjiang",嘉傻(庆)通寰 Jia Qing tong bao,Large Ja。 1798-1800 0D2358 15,15,1798-1800,325,45
22.561,Jiaqing,1796-1820,Ren Zong,"Aksu, Xinjiang",嘉傻(庆)通寰 Jia Qing tong bao,Small Jia. Feet of bei 1800-20. 15,15,1800-20,325,45
22.562,Jiaqing,1796-1820,Ren Zong,"Aksu, Xinjiang",嘉傻(庆)通寰 Jia Qing tong bao,"Peet of bei 1800-20。 15 In {801, the quota of copper to be collected LUUS 21,100 jmn; from which was lo be cast 3,600 strings Ol Dul COing each weighing 1.2 qan",,1800-20,325,45
22.555,Jiaqing,1796-1820,Ren Zong,"Baoding, Zhili",嘉蹩(庆)通赛 Jia Qirg tong bao,"Closed gix stroke bei。 Large 吉 jmn 嘉 jia。 1796-99. 卫02346,51501",6,1796-99,324,44
22.556,Jiaqing,1796-1820,Ren Zong,"Baoding, Zhili",嘉蹩(庆)通赛 Jia Qirg tong bao,Small 吉 jiin ja 1799.1802,,1799-1802,324,44
22.557,Jiaqing,1796-1820,Ren Zong,"Baoding, Zhili",嘉蹩(庆)通赛 Jia Qirg tong bao,Open six stroke bei. 口 Rou in 嘉 ja rectangular。 1808.15. #,,1808-15,324,44
22.558,Jiaqing,1796-1820,Ren Zong,"Baoding, Zhili",嘉蹩(庆)通赛 Jia Qirg tong bao,口 Rou in 嘉 ja trapezoidal。 1810.15,15,1810-15,324,44
22.418,Jiaqing,1796-1820,Ren Zong,"Board of Revenue (Boo-chiowan, Peking)",嘉度(庆)通赛 Jia Qing tong bao,"Protruding head boo North branch_ 16 Type 43.As Type 42, but with a dot on the reverse above the hole 1798-1803",,1798-1803,318,38
22.440,Jiaqing,1796-1820,Ren Zong,"Board of Revenue (Boo-chiowan, Peking)",嘉度(庆)通赛 Jia Qing tong bao,"Six stroke bei, closed head tong: Past branch 卫D2336,51489 16",6,,318,38
22.441,Jiaqing,1796-1820,Ren Zong,"Board of Revenue (Boo-chiowan, Peking)",嘉度(庆)通赛 Jia Qing tong bao,"Square head, two dot tong。 South branch 16",,,318,38
22.442,Jiaqing,1796-1820,Ren Zong,"Board of Revenue (Boo-chiowan, Peking)",嘉度(庆)通赛 Jia Qing tong bao,Cloged head One dot tong。 Test branch 16,,,318,38
22.443,Jiaqing,1796-1820,Ren Zong,"Board of Revenue (Boo-chiowan, Peking)",嘉度(庆)通赛 Jia Qing tong bao,No priwy marks。 North branch 16,,,318,38
22.444,Jiaqing,1796-1820,Ren Zong,"Board of Revenue (Boo-chiowan, Peking)",嘉度(庆)通赛 Jia Qing tong bao,Protruding head boo。 North branch 16 Type 42. Closed bei. Small 吉 jiin 嘉 jia. Slightly smaller coins。 1798-1802,,1798-1802,318,38
22.445,Jiaqing,1796-1820,Ren Zong,"Board of Revenue (Boo-chiowan, Peking)",嘉度(庆)通赛 Jia Qing tong bao,-48. 16 Type C。 Top stroke of bao a distinct dot. Bei squarish; with teet as distinct strokes at the corners (except for the East branch). Size rather variable Type CI. Left-hand stroke of the 广 of qing curved。 1816-20,,1816-20,318,38
22.446,Jiaqing,1796-1820,Ren Zong,"Board of Revenue (Boo-chiowan, Peking)",嘉度(庆)通赛 Jia Qing tong bao,"Square head, two dot tong。 South branch 16",,,318,38
22.447,Jiaqing,1796-1820,Ren Zong,"Board of Revenue (Boo-chiowan, Peking)",嘉度(庆)通赛 Jia Qing tong bao,"Closed head, one dot tong。 West branch。 16",,,318,38
22.449,Jiaqing,1796-1820,Ren Zong,"Board of Revenue (Boo-chiowan, Peking)",嘉度(庆)通赛 Jia Qing tong bao,-52 Branch privy marks as,,,318,38
22.453,Jiaqing,1796-1820,Ren Zong,"Board of Revenue (Boo-chiowan, Peking)",嘉度(庆)通赛 Jia Qing tong bao,-6 Branch priwy marks as,,,318,38
22.457,Jiaqing,1796-1820,Ren Zong,"Board of Revenue (Boo-chiowan, Peking)",嘉度(庆)通赛 Jia Qing tong bao,-60 Branch priw marks as,,,318,38
22.465,Jiaqing,1796-1820,Ren Zong,"Board of Revenue (Boo-chiowan, Peking)",嘉度(庆)通赛 Jia Qing tong bao,-8 Branch privy marks a8,,,318,38
22.469,Jiaqing,1796-1820,Ren Zong,"Board of Revenue (Boo-chiowan, Peking)",嘉麽(庆)通寰 JJia Qing tong bao,No branch privy marks Type B Open bei. Small 吉 jiin 嘉 jia。 1803-15,,1803-15,319,39
22.470,Jiaqing,1796-1820,Ren Zong,"Board of Revenue (Boo-chiowan, Peking)",嘉麽(庆)通寰 JJia Qing tong bao,-3 Branch priv marks a8,,,319,39
22.471,Jiaqing,1796-1820,Ren Zong,"Board of Revenue (Boo-chiowan, Peking)",嘉度(庆)通赛 Jia Qing tong bao,通 West,,,319,39
22.472,Jiaqing,1796-1820,Ren Zong,"Board of Revenue (Boo-chiowan, Peking)",嘉度(庆)通赛 Jia Qing tong bao,禺 Nonth,,,319,39
22.474,Jiaqing,1796-1820,Ren Zong,"Board of Revenue (Boo-chiowan, Peking)",嘉麽(庆)通寰 JJia Qing tong bao,-6 Branch priw marks as,,,319,39
22.475,Jiaqing,1796-1820,Ren Zong,"Board of Revenue (Boo-chiowan, Peking)",嘉度(庆)通赛 Jia Qing tong bao,通 IVest,,,319,39
22.476,Jiaqing,1796-1820,Ren Zong,"Board of Revenue (Boo-chiowan, Peking)",嘉度(庆)通赛 Jia Qing tong bao,Bast,,,319,39
22.477,Jiaqing,1796-1820,Ren Zong,"Board of Revenue (Boo-chiowan, Peking)",嘉麽(庆)通寰 JJia Qing tong bao,-80 Branch privy marks as,,,319,39
22.478,Jiaqing,1796-1820,Ren Zong,"Board of Revenue (Boo-chiowan, Peking)",嘉度(庆)通赛 Jia Qing tong bao,通 West,,,319,39
22.479,Jiaqing,1796-1820,Ren Zong,"Board of Revenue (Boo-chiowan, Peking)",嘉度(庆)通赛 Jia Qing tong bao,舅 North,,,319,39
22.480,Jiaqing,1796-1820,Ren Zong,"Board of Revenue (Boo-chiowan, Peking)",嘉度(庆)通赛 Jia Qing tong bao,通 South,,,319,39
22.487,Jiaqing,1796-1820,Ren Zong,"Board of Revenue (Boo-chiowan, Peking)",嘉度(庆)通赛 Jia Qing tong bao,通 axilia 22 通 Old,,,319,39
22.490,Jiaqing,1796-1820,Ren Zong,"Board of Revenue (Boo-chiowan, Peking)",嘉度(庆)通赛 Jia Qing tong bao,通 Auxigiary New,,,319,39
22.502,Jiaqing,1796-1820,Ren Zong,"Board of Revenue (Boo-chiowan, Peking)",嘉度(庆)通赛 Jia Qing tong bao,Local variation。 1796.1800。 15 Coastal Province types,,1796-1800,320,40
22.503,Jiaqing,1796-1820,Ren Zong,"Board of Revenue (Boo-chiowan, Peking)",嘉度(庆)通赛 Jia Qing tong bao,"Closed head, two dot tong。 1800.20",20,1800-20,320,40
22.504,Jiaqing,1796-1820,Ren Zong,"Board of Revenue (Boo-chiowan, Peking)",嘉度(庆)通赛 Jia Qing tong bao,"Protruding head, two dot tong: 1800.20. 1",1,1800-20,320,40
22.507,Jiaqing,1796-1820,Ren Zong,"Board of Revenue (Boo-chiowan, Peking)",嘉度(庆)通赛 Jia Qing tong bao,Local variation smaller size 38 冒,,,320,40
22.508,Jiaqing,1796-1820,Ren Zong,"Board of Revenue (Boo-chiowan, Peking)",嘉度(庆)通赛 Jia Qing tong bao,,,,321,41
22.509,Jiaqing,1796-1820,Ren Zong,"Board of Revenue (Boo-chiowan, Peking)",嘉度(庆)通贷 Jia Qing tong bao,Local variation Square head tong。 1799.1820,,1799-1820,321,41
22.510,Jiaqing,1796-1820,Ren Zong,"Board of Revenue (Boo-chiowan, Peking)",嘉度(庆)通贷 Jia Qing tong bao,Sa stroke bei,,,321,41
22.511,Jiaqing,1796-1820,Ren Zong,"Board of Revenue (Boo-chiowan, Peking)",嘉度(庆)通贷 Jia Qing tong bao,Seven stroke bei,,,321,41
22.512,Jiaqing,1796-1820,Ren Zong,"Board of Revenue (Boo-chiowan, Peking)",嘉度(庆)通贷 Jia Qing tong bao,Small characters。 Cf,,,321,41
22.513,Jiaqing,1796-1820,Ren Zong,"Board of Revenue (Boo-chiowan, Peking)",嘉度(庆)通赛 Jia Qing tong bao,J,,,321,41
22.514,Jiaqing,1796-1820,Ren Zong,"Board of Revenue (Boo-chiowan, Peking)",嘉度(庆)通贷 Jia Qing tong bao,Rev: Crescent above 1796-1806,,1796-1806,321,41
22.515,Jiaqing,1796-1820,Ren Zong,"Board of Revenue (Boo-chiowan, Peking)",嘉度(庆)通贷 Jia Qing tong bao,Poor quality local design 1806.1820,,1806-1820,321,41
22.516,Jiaqing,1796-1820,Ren Zong,"Board of Revenue (Boo-chiowan, Peking)",嘉度(庆)通贷 Jia Qing tong bao,Rev; Crescent above 卫02351,1,,321,41
22.517,Jiaqing,1796-1820,Ren Zong,"Board of Revenue (Boo-chiowan, Peking)",嘉度(庆)通贷 Jia Qing tong bao,"Square head tong。 Poor, light coin",,,321,41
22.518,Jiaqing,1796-1820,Ren Zong,"Board of Revenue (Boo-chiowan, Peking)",嘉度(庆)通赛 Jia Qing tong bao,,,,321,41
22.519,Jiaqing,1796-1820,Ren Zong,"Board of Revenue (Boo-chiowan, Peking)",嘉度(庆)通赛 Jia Qing tong bao,Emperor Ren Zong,,,321,41
22.520,Jiaqing,1796-1820,Ren Zong,"Board of Revenue (Boo-chiowan, Peking)",嘉度(庆)通贷 Jia Qing tong bao,,,,322,42
22.521,Jiaqing,1796-1820,Ren Zong,"Board of Revenue (Boo-chiowan, Peking)",嘉鏖(庆)逋夤 Jia Qing tong bao,"Closed head, two dot tong。 1798.1810 16",16,1798-1810,322,42
22.522,Jiaqing,1796-1820,Ren Zong,"Board of Revenue (Boo-chiowan, Peking)",嘉鏖(庆)逋夤 Jia Qing tong bao,Small coin。 16,,,322,42
22.523,Jiaqing,1796-1820,Ren Zong,"Board of Revenue (Boo-chiowan, Peking)",嘉鏖(庆)逋夤 Jia Qing tong bao,Protruding head two dot tong 1811.1820。 16,16,1811-1820,322,42
22.524,Jiaqing,1796-1820,Ren Zong,"Board of Revenue (Boo-chiowan, Peking)",嘉鏖(庆)逋夤 Jia Qing tong bao,"Small coin。 16 It appears Lhal tlese smtall coins were produced by the official minl, nol priuale forgers",,,322,42
22.525,Jiaqing,1796-1820,Ren Zong,"Board of Revenue (Boo-chiowan, Peking)",嘉鏖(庆)逋夤 Jia Qing tong bao,Broad rim coin,,,322,42
22.526,Jiaqing,1796-1820,Ren Zong,"Board of Revenue (Boo-chiowan, Peking)",嘉鏖(庆)逋夤 Jia Qing tong bao,Coastal province type。 10,,,322,42
22.527,Jiaqing,1796-1820,Ren Zong,"Board of Revenue (Boo-chiowan, Peking)",嘉度(庆)通贷 Jia Qing tong bao,,,,322,42
22.528,Jiaqing,1796-1820,Ren Zong,"Board of Revenue (Boo-chiowan, Peking)",嘉鏖(庆)逋夤 Jia Qing tong bao,Rev: Dot top left。 1796-1805,,1796-1805,322,42
22.529,Jiaqing,1796-1820,Ren Zong,"Board of Revenue (Boo-chiowan, Peking)",嘉度(庆)通贷 Jia Qing tong bao,,,,322,42
22.530,Jiaqing,1796-1820,Ren Zong,"Board of Revenue (Boo-chiowan, Peking)",嘉鏖(庆)逋夤 Jia Qing tong bao,Coastal Province type. Protruding head tong; degenerate。 1815.30,,1815-30,322,42
22.531,Jiaqing,1796-1820,Ren Zong,"Board of Revenue (Boo-chiowan, Peking)",嘉度(庆)通贷 Jia Qing tong bao,,,,322,42
22.532,Jiaqing,1796-1820,Ren Zong,"Board of Revenue (Boo-chiowan, Peking)",嘉鏖(庆)逋夤 Jia Qing tong bao,Small 吉 jiin 嘉 jia。 1799-1820,,1799-1820,322,42
22.542,Jiaqing,1796-1820,Ren Zong,"Board of Revenue (Boo-chiowan, Peking)",嘉鏖(庆)逋夤 Jia Qing tong bao,,,,323,43
22.544,Jiaqing,1796-1820,Ren Zong,"Board of Revenue (Boo-chiowan, Peking)",嘉鏖(庆)通赛 Jia Qing tong bao,Yshaped y-in yUn 15,,,323,43
22.545,Jiaqing,1796-1820,Ren Zong,"Board of Revenue (Boo-chiowan, Peking)",嘉鏖(庆)通赛 Jia Qing tong bao,"Feet of bao at corners 15 Belween 1799 and 1801, IIIIS Were operation al Dongchwan, Lin 'an, Dali; Baoshan, Churiong; and Guangnan recasting small coins as regulation coins presumably this ralher variable series",,,323,43
22.546,Jiaqing,1796-1820,Ren Zong,"Board of Revenue (Boo-chiowan, Peking)",嘉鏖(庆)通赛 Jia Qing tong bao,Square head tong。 1819-30。 14,14,1819-30,323,43
22.552,Jiaqing,1796-1820,Ren Zong,"Board of Revenue (Boo-chiowan, Peking)",嘉蹩(庆)通赛 Jia Qirg tong bao,"Closed head, two dot tong。 1799.1808。 15",15,1799-1808,324,44
22.553,Jiaqing,1796-1820,Ren Zong,"Board of Revenue (Boo-chiowan, Peking)",嘉蹩(庆)通赛 Jia Qirg tong bao,Smaller coin。 1799.1808,,1799-1808,324,44
22.554,Jiaqing,1796-1820,Ren Zong,"Board of Revenue (Boo-chiowan, Peking)",嘉蹩(庆)通赛 Jia Qirg tong bao,"Protruding head, two dot tong: 15 1809-20",,1809-20,324,44
22.559,Jiaqing,1796-1820,Ren Zong,"Board of Revenue (Boo-chiowan, Peking)",嘉鏖(庆)通赛 Jia Qing tong bao,Emperor Ren Zong,,,324,44
22.565,Jiaqing,1796-1820,Ren Zong,"Board of Revenue (Boo-chiowan, Peking)",嘉蹩(庆)通赛 Jia Qirg tong bao,,,,325,45
22.568,Jiaqing,1796-1820,Ren Zong,"Board of Revenue (Boo-chiowan, Peking)",嘉蹩(庆)通赛 Jia Qirg tong bao,,,,325,45
22.481,Jiaqing,1796-1820,Ren Zong,"Board of Works (Boo-yuwan, Peking)",嘉麽(庆)通寰 JJia Qing tong bao,"Closed head tong。 New branch 卫02339,51490 16",9,,319,39
22.482,Jiaqing,1796-1820,Ren Zong,"Board of Works (Boo-yuwan, Peking)",嘉麽(庆)通寰 JJia Qing tong bao,Square head; two dot tong。 Old branch。 16 Type 42. Closed bei. Small 吉 ji in 嘉 jia. Slightly smaller coins: 1798.1803,,1798-1803,319,39
22.483,Jiaqing,1796-1820,Ren Zong,"Board of Works (Boo-yuwan, Peking)",嘉度(庆)通赛 Jia Qing tong bao,-85_ 51491 15 Type C2。 Top stroke Of bao a distinct dot. Left-hand stroke of the 广 of qing straight. 1816-20,,1816-20,320,40
22.484,Jiaqing,1796-1820,Ren Zong,"Board of Works (Boo-yuwan, Peking)",嘉麽(庆)通寰 JJia Qing tong bao,"Square head, two dot tong。 Old branch 16",,,319,39
22.485,Jiaqing,1796-1820,Ren Zong,"Board of Works (Boo-yuwan, Peking)",嘉麽(庆)通寰 JJia Qing tong bao,"Square head; OIC dot long。 Auxiliary furnaces。 16 Type Bl.Open bei. Small 吉 jiin 嘉 jia. Smaller, poorer quality coins。 1803-15",,1803-15,319,39
22.486,Jiaqing,1796-1820,Ren Zong,"Board of Works (Boo-yuwan, Peking)",嘉麽(庆)通寰 JJia Qing tong bao,-8 Branch privy marks as,,,319,39
22.489,Jiaqing,1796-1820,Ren Zong,"Board of Works (Boo-yuwan, Peking)",嘉麽(庆)通寰 JJia Qing tong bao,-91 Branch Prvy marks as,,,319,39
22.492,Jiaqing,1796-1820,Ren Zong,"Board of Works (Boo-yuwan, Peking)",嘉度(庆)通赛 Jia Qing tong bao,-4 Branch privy marks as,,,320,40
22.493,Jiaqing,1796-1820,Ren Zong,"Board of Works (Boo-yuwan, Peking)",嘉麽(庆)通寰 JJia Qing tong bao,通 duxgiar Rev,,,320,40
22.495,Jiaqing,1796-1820,Ren Zong,"Board of Works (Boo-yuwan, Peking)",嘉麽(庆)通寰 JJia Qing tong bao,-97 Old 通,,,320,40
22.498,Jiaqing,1796-1820,Ren Zong,"Board of Works (Boo-yuwan, Peking)",嘉度(庆)通赛 Jia Qing tong bao,-500 Branch privy marks as,,,320,40
22.499,Jiaqing,1796-1820,Ren Zong,"Board of Works (Boo-yuwan, Peking)",嘉麽(庆)通寰 JJia Qing tong bao,通 Auxiliary,,,320,40
22.501,Jiaqing,1796-1820,Ren Zong,"Board of Works (Boo-yuwan, Peking)",嘉麽(庆)通寰 JJia Qing tong bao,,,,320,40
22.505,Jiaqing,1796-1820,Ren Zong,"Board of Works (Boo-yuwan, Peking)",嘉麽(庆)通寰 JJia Qing tong bao,[,,,320,40
22.506,Jiaqing,1796-1820,Ren Zong,"Board of Works (Boo-yuwan, Peking)",嘉麽(庆)通寰 JJia Qing tong bao,,,,320,40
22.538,Jiaqing,1796-1820,Ren Zong,"Chengdu, Sichuan",嘉鏖(庆)通赛 Jia Qing tong bao,"Closed Six stroke bei。 Horizontal -W-in chuwan 1796.1804 卫02355,51510 16",5,1796-1804,323,43
22.539,Jiaqing,1796-1820,Ren Zong,"Chengdu, Sichuan",嘉鏖(庆)通赛 Jia Qing tong bao,Open gxx stroke bei。 1805.17. 16,16,1805-17,323,43
22.540,Jiaqing,1796-1820,Ren Zong,"Chengdu, Sichuan",嘉鏖(庆)通赛 Jia Qing tong bao,Seven stroke bei。 1818.30,,1818-30,323,43
22.541,Jiaqing,1796-1820,Ren Zong,"Chengdu, Sichuan",嘉鏖(庆)通赛 Jia Qing tong bao,"Slanting l chuwan。 1818.30。 3 CII Yunnan province. Rev: Boo yun left and right. Various mints。 22.,542",,1818-30,323,43
22.543,Jiaqing,1796-1820,Ren Zong,"Dongchuan, Yunnan",嘉蹩(庆)通赛 Jia Qirg tong bao,"45?). It reopened again in June 1810 with 10 furnaces casting 44,887 strings a year Tue inlroduction Of the dung mint name is not mentioned in the records; 让t mllst have been 0 local initiatiue",,,324,44
22.547,Jiaqing,1796-1820,Ren Zong,"Dongchuan, Yunnan",嘉蹩(庆)通赛 Jia Qirg tong bao,"Closed gix stroke bei。 1810-18。 卫02344,51498 15",4,1810-18,324,44
22.548,Jiaqing,1796-1820,Ren Zong,"Dongchuan, Yunnan",嘉蹩(庆)通赛 Jia Qirg tong bao,Different form Of dung。 1810.18。 15,15,1810-18,324,44
22.549,Jiaqing,1796-1820,Ren Zong,"Dongchuan, Yunnan",嘉蹩(庆)通赛 Jia Qirg tong bao,Dung written like ?dui。 1810.18 10,10,1810-18,324,44
22.550,Jiaqing,1796-1820,Ren Zong,"Dongchuan, Yunnan",嘉蹩(庆)通赛 Jia Qirg tong bao,Seven stroke bei。 1819.90。 15 Dongchuan delayed reopening in 1796. It was open between 1799 and 1801 recasting small coins (,,1819-90,324,44
22.551,Jiaqing,1796-1820,Ren Zong,"Hangzhou, Zhejiang",嘉蹩(庆)通赛 Jia Qirg tong bao,,,,324,44
22.563,Jiaqing,1796-1820,Ren Zong,"Ili, Xinjiang",嘉傻(庆)通寰 Jia Qing tong bao,Large 吉 jiin jia。 1796.1803。 [02357,,1796-1803,325,45
22.564,Jiaqing,1796-1820,Ren Zong,"Ili, Xinjiang",嘉傻(庆)通寰 Jia Qing tong bao,"Small 吉 jiin ja。 Rev: No marks 1803.1820. 22.,565 Rev: Line above。 1803.20",20,1803-1820,325,45
22.566,Jiaqing,1796-1820,Ren Zong,"Ili, Xinjiang",嘉傻(庆)通寰 Jia Qing tong bao,Rev: Mark above。 1803-20。 #,,1803-20,325,45
22.567,Jiaqing,1796-1820,Ren Zong,"Ili, Xinjiang",嘉傻(庆)通寰 Jia Qing tong bao,Rev: Mak below 1803.20。 32.568 Rev: Marks above and below。 1803-20,,1803-20,325,45
22.569,Jiaqing,1796-1820,Ren Zong,"Ili, Xinjiang",嘉傻(庆)通寰 Jia Qing tong bao,Rev: Two marks below 1803-20,,1803-20,325,45
22.572,Jiaqing,1796-1820,Ren Zong,"Ili, Xinjiang",嘉傻(庆)通寰 Jia Qing tong bao,"Rev。 22.,571-72 通 South",,,326,46
22.575,Jiaqing,1796-1820,Ren Zong,"Ili, Xinjiang",嘉傻(庆)通寰 Jia Qing tong bao,通 West,,,326,46
22.576,Jiaqing,1796-1820,Ren Zong,"Ili, Xinjiang",嘉傻(庆)通寰 Jia Qing tong bao,磐 Xt,,,326,46
22.579,Jiaqing,1796-1820,Ren Zong,"Ili, Xinjiang",嘉傻(庆)通寰 Jia Qing tong bao,通 West,,,326,46
22.580,Jiaqing,1796-1820,Ren Zong,"Ili, Xinjiang",嘉傻(庆)通寰 Jia Qing tong bao,寓 North,,,326,46
22.581,Jiaqing,1796-1820,Ren Zong,"Ili, Xinjiang",嘉傻(庆)通寰 Jia Qing tong bao,Bast,,,326,46
22.585,Jiaqing,1796-1820,Ren Zong,"Ili, Xinjiang",嘉傻(庆)通寰 Jia Qing tong bao,Souh,,,326,46
22.587,Jiaqing,1796-1820,Ren Zong,"Ili, Xinjiang",嘉傻(庆)通寰 Jia Qing tong bao,逋 west,,,326,46
22.588,Jiaqing,1796-1820,Ren Zong,"Ili, Xinjiang",嘉傻(庆)通寰 Jia Qing tong bao,磐 North,,,326,46
22.589,Jiaqing,1796-1820,Ren Zong,"Ili, Xinjiang",嘉傻(庆)通寰 Jia Qing tong bao,身 0通 光 Bast,,,326,46
22.533,Jiaqing,1796-1820,Ren Zong,"Xi'an, Shaanxi",嘉鏖(庆)通赛 Jia Qing tong bao,"Closed 88 stroke bei。 Large 吉 jim ja 1796.98 卫02348,81502",8,1796-98,323,43
22.534,Jiaqing,1796-1820,Ren Zong,"Xi'an, Shaanxi",嘉鏖(庆)通赛 Jia Qing tong bao,Small 吉 j in ja。 1799.1802,,1799-1802,323,43
22.535,Jiaqing,1796-1820,Ren Zong,"Xi'an, Shaanxi",嘉鏖(庆)通赛 Jia Qing tong bao,Open gix stroke bei。 口 kou in ja rectangular。 1803.15 #,,1803-15,323,43
22.536,Jiaqing,1796-1820,Ren Zong,"Xi'an, Shaanxi",嘉鏖(庆)通赛 Jia Qing tong bao,口 Rou in ja trapezoidal。 1810.15,15,1810-15,323,43
22.537,Jiaqing,1796-1820,Ren Zong,"Xi'an, Shaanxi",嘉鏖(庆)通赛 Jia Qing tong bao,Top stroke of bao a distinct dot。 1816-30,,1816-30,323,43
22.652,Daoguang,1821-1850,Xuan Zong,"Aksu, Xinjiang",道光逦霹 Dao Guang tong bao,Square head tong。 1821.28。 卫02407 14 Rev: 八年 Banian (8th year) above. Ba written like 八,7,1821-28,332,52
22.653,Daoguang,1821-1850,Xuan Zong,"Aksu, Xinjiang",道光逦霹 Dao Guang tong bao,Rev: 五 TUU (5 [cash]) below。 1829.50。 13,13,1829-50,332,52
22.654,Daoguang,1821-1850,Xuan Zong,"Aksu, Xinjiang",道光逦霹 Dao Guang tong bao,Rev; 十 shi (10 [cash]) below 1828-50。 14 Rev: 八年 Ba nian (8th year) above. Ba written lke 几 32.655 Rev: 五 wu (5 [cash]) below 1829-50 卫02408 13,8,1828-50,332,52
22.656,Daoguang,1821-1850,Xuan Zong,"Aksu, Xinjiang",道光逦霹 Dao Guang tong bao,"Rev; 十 shi (10 [cash]) below 1828.50。 卫D2409 14 Te Value Ten coin was introduced in 1828 to overconte the shortage O「 coins for army pay This was effec。 tiveljy a devaluation, as the Value Ten coins were to welgh onl q1an 5 fen In practtce they passed as two cash, and the Value Five coin introduced the nert year passed as one cash. The 十 character came to be taken as a sign Of authenticity Tather than an indication Of valwe。 Guangxu period",14,1828-50,332,52
22.657,Daoguang,1821-1850,Xuan Zong,"Aksu, Xinjiang",道光逦霹 Dao Guang tong bao,Rev; 阿十 A shi (A[su] Ten [cash]) above and below. 1885-92. See,,1885-92,332,52
22.570,Daoguang,1821-1850,Xuan Zong,"Board of Revenue (Boo-chiowan, Peking)",道光通C Dao Guang tong bao,"-3。 11 In 1831, ordlers were Blcec to cease the Production Ol Palace Coins。 Regulation coins threaded on Ihe strings that were used for Coins were to be sibStituled",,,326,46
22.571,Daoguang,1821-1850,Xuan Zong,"Board of Revenue (Boo-chiowan, Peking)",道光通C Dao Guang tong bao,"Square head, two dot long。 South branch 11 22.,572 Closed head, one dot ton。 West branch",,,326,46
22.573,Daoguang,1821-1850,Xuan Zong,"Board of Revenue (Boo-chiowan, Peking)",道光通C Dao Guang tong bao,"Protruding head boo。 North branch 翌 Type 42. Guang large, the radical of lorg with a straight bottom Wine i 18213",,,326,46
22.574,Daoguang,1821-1850,Xuan Zong,"Board of Revenue (Boo-chiowan, Peking)",道光通C Dao Guang tong bao,-77 Branch privy marks as,,,326,46
22.578,Daoguang,1821-1850,Xuan Zong,"Board of Revenue (Boo-chiowan, Peking)",道光通C Dao Guang tong bao,-81 Branch privy marks as,,,326,46
22.582,Daoguang,1821-1850,Xuan Zong,"Board of Revenue (Boo-chiowan, Peking)",道光通C Dao Guang tong bao,-85 Branch privy marks as,,,326,46
22.586,Daoguang,1821-1850,Xuan Zong,"Board of Revenue (Boo-chiowan, Peking)",道光通C Dao Guang tong bao,-89 Branch privy marks as,,,326,46
22.592,Daoguang,1821-1850,Xuan Zong,"Board of Revenue (Boo-chiowan, Peking)",道光通C Dao Guang tong bao,茴 通 Old,,,327,47
22.594,Daoguang,1821-1850,Xuan Zong,"Board of Revenue (Boo-chiowan, Peking)",道光通C Dao Guang tong bao,通 Auxiliary,,,327,47
22.595,Daoguang,1821-1850,Xuan Zong,"Board of Revenue (Boo-chiowan, Peking)",道光通C Dao Guang tong bao,New,,,327,47
22.596,Daoguang,1821-1850,Xuan Zong,"Board of Revenue (Boo-chiowan, Peking)",道光通C Dao Guang tong bao,Degenerate specimens 角 Ja,,,327,47
22.598,Daoguang,1821-1850,Xuan Zong,"Board of Revenue (Boo-chiowan, Peking)",道光通C Dao Guang tong bao,New,,,327,47
22.599,Daoguang,1821-1850,Xuan Zong,"Board of Revenue (Boo-chiowan, Peking)",道光通C Dao Guang tong bao,,,,327,47
22.600,Daoguang,1821-1850,Xuan Zong,"Board of Revenue (Boo-chiowan, Peking)",道光通赛 Dao Guang tong bao,"Local variation 1822.24 14 Te minl was closed in 1824;in 1843 i reported that the price O「 silver was still not normal, and casting Temolned suspended",,1822-24,327,47
22.601,Daoguang,1821-1850,Xuan Zong,"Board of Revenue (Boo-chiowan, Peking)",道光通C Dao Guang tong bao,,,,327,47
22.602,Daoguang,1821-1850,Xuan Zong,"Board of Revenue (Boo-chiowan, Peking)",道光通C Dao Guang tong bao,,,,327,47
22.603,Daoguang,1821-1850,Xuan Zong,"Board of Revenue (Boo-chiowan, Peking)",道光通窦 Dao Guang tong bao,Square head tong,,,328,48
22.604,Daoguang,1821-1850,Xuan Zong,"Board of Revenue (Boo-chiowan, Peking)",道光通窦 Dao Guang tong bao,Localtype。 1825-50,,1825-50,328,48
22.605,Daoguang,1821-1850,Xuan Zong,"Board of Revenue (Boo-chiowan, Peking)",道光通窦 Dao Guang tong bao,Closed head tong: Rev: No marks。 1825-50。 盈,,1825-50,328,48
22.606,Daoguang,1821-1850,Xuan Zong,"Board of Revenue (Boo-chiowan, Peking)",道光通窦 Dao Guang tong bao,Rev: 大 da (for Dading?) Or liu (snx) above。 81531,,,328,48
22.607,Daoguang,1821-1850,Xuan Zong,"Board of Revenue (Boo-chiowan, Peking)",道光通窦 Dao Guang tong bao,"Rev: Crescent above。 卫D02399,51529",9,,328,48
22.608,Daoguang,1821-1850,Xuan Zong,"Board of Revenue (Boo-chiowan, Peking)",道光通窦 Dao Guang tong bao,Rev: Ji (one) below。 翌,,,328,48
22.609,Daoguang,1821-1850,Xuan Zong,"Board of Revenue (Boo-chiowan, Peking)",道光通窦 Dao Guang tong bao,Rev; Circle above。 81528 13,13,,328,48
22.610,Daoguang,1821-1850,Xuan Zong,"Board of Revenue (Boo-chiowan, Peking)",道光通窦 Dao Guang tong bao,Rev: Large dot above_ 12,,,328,48
22.611,Daoguang,1821-1850,Xuan Zong,"Board of Revenue (Boo-chiowan, Peking)",道光通窦 Dao Guang tong bao,Rev: Large dot below _,,,328,48
22.612,Daoguang,1821-1850,Xuan Zong,"Board of Revenue (Boo-chiowan, Peking)",道光通窦 Dao Guang tong bao,Rev Triangle above 邕,,,328,48
22.613,Daoguang,1821-1850,Xuan Zong,"Board of Revenue (Boo-chiowan, Peking)",道光通窦 Dao Guang tong bao,Rev: Inverted triangle below,,,328,48
22.614,Daoguang,1821-1850,Xuan Zong,"Board of Revenue (Boo-chiowan, Peking)",道光通窦 Dao Guang tong bao,Rev: Cross (?commercial style above。 81530,,,328,48
22.615,Daoguang,1821-1850,Xuan Zong,"Board of Revenue (Boo-chiowan, Peking)",道光通窦 Dao Guang tong bao,Rev: Cross (?commercial style below。 m,,,328,48
22.616,Daoguang,1821-1850,Xuan Zong,"Board of Revenue (Boo-chiowan, Peking)",道光通窦 Dao Guang tong bao,"Rev: 七 qi (seven) below The minl WaS closed between 1823 and 1824 because Ofa copper shortage, and between 1838 and 1843 when casting Iag not proftable",,,328,48
22.617,Daoguang,1821-1850,Xuan Zong,"Board of Revenue (Boo-chiowan, Peking)",道光通赛 Dao Guang tong bao,,,,328,48
22.619,Daoguang,1821-1850,Xuan Zong,"Board of Revenue (Boo-chiowan, Peking)",道光通窦 Dao Guang tong bao,Local version Of the above。 15,15,,328,48
22.625,Daoguang,1821-1850,Xuan Zong,"Board of Revenue (Boo-chiowan, Peking)",道光通窦 Dao Guang tong bao,,,,329,49
22.626,Daoguang,1821-1850,Xuan Zong,"Board of Revenue (Boo-chiowan, Peking)",道光通窦 Dao Guang tong bao,,,,329,49
22.627,Daoguang,1821-1850,Xuan Zong,"Board of Revenue (Boo-chiowan, Peking)",道光通窦 Dao Guang tong bao,,,,329,49
22.628,Daoguang,1821-1850,Xuan Zong,"Board of Revenue (Boo-chiowan, Peking)",道光通窦 Dao Guang tong bao,,,,329,49
22.629,Daoguang,1821-1850,Xuan Zong,"Board of Revenue (Boo-chiowan, Peking)",道光通C Dao Guang tong bao,Small Guang。 1833.31 蛩,,1833-31,329,49
22.630,Daoguang,1821-1850,Xuan Zong,"Board of Revenue (Boo-chiowan, Peking)",道光通C Dao Guang tong bao,"Local type, large shan。 1843-50 I 1843, casting Was reduced to 33,000 strings a jear",,1843-50,329,49
22.632,Daoguang,1821-1850,Xuan Zong,"Board of Revenue (Boo-chiowan, Peking)",道光通C Dao Guang tong bao,Closed head tong。 1841-50。 15,15,1841-50,329,49
22.633,Daoguang,1821-1850,Xuan Zong,"Board of Revenue (Boo-chiowan, Peking)",道光通t Dao Guang tong bao,Square head tong,,,330,50
22.634,Daoguang,1821-1850,Xuan Zong,"Board of Revenue (Boo-chiowan, Peking)",道光通t Dao Guang tong bao,Closed head tong。 1841-50。 Large reddish coins. Calligraphic details not clear,,1841-50,330,50
22.635,Daoguang,1821-1850,Xuan Zong,"Board of Revenue (Boo-chiowan, Peking)",道光通t Dao Guang tong bao,Rev: Plain 1841-50,,1841-50,330,50
22.636,Daoguang,1821-1850,Xuan Zong,"Board of Revenue (Boo-chiowan, Peking)",道光通t Dao Guang tong bao,"Rev: Ji (one) above。 1841-50. Dongchuan;, Yunnan Rev: Boo dung left and right。 Square head tong。 Radical of Dao written with bent line 让",,1841-50,330,50
22.637,Daoguang,1821-1850,Xuan Zong,"Board of Revenue (Boo-chiowan, Peking)",道光通t Dao Guang tong bao,D-of dung wmitten mth a loop 1821-25,,1821-25,330,50
22.638,Daoguang,1821-1850,Xuan Zong,"Board of Revenue (Boo-chiowan, Peking)",道光通t Dao Guang tong bao,D-ofdung written with a straight line。 1821-25。 Square head tong. Radical of Dao written with a straight line,,1821-25,330,50
22.639,Daoguang,1821-1850,Xuan Zong,"Board of Revenue (Boo-chiowan, Peking)",道光通t Dao Guang tong bao,D-of dung written with a straight line_ 1826.46,,1826-46,330,50
22.640,Daoguang,1821-1850,Xuan Zong,"Board of Revenue (Boo-chiowan, Peking)",道光通t Dao Guang tong bao,"D-ofdung written with a Ioop, seven stroke bei。 1836-46",,1836-46,330,50
22.641,Daoguang,1821-1850,Xuan Zong,"Board of Revenue (Boo-chiowan, Peking)",道光通t Dao Guang tong bao,"D-of dung written with a loop, six stroke bei。 1826-46",,1826-46,330,50
22.642,Daoguang,1821-1850,Xuan Zong,"Board of Revenue (Boo-chiowan, Peking)",道光通t Dao Guang tong bao,"Closed head tong。 1847.50 卫D2397,51524 15 15 12 12 卫02398,81526 15 15 51525 罡",8,1847-50,330,50
22.643,Daoguang,1821-1850,Xuan Zong,"Board of Revenue (Boo-chiowan, Peking)",,Square head tong; the radical wit a bent bottom line 让_,,,331,51
22.644,Daoguang,1821-1850,Xuan Zong,"Board of Revenue (Boo-chiowan, Peking)",,1821. Square head 13 ong; the radical written with 8 Straight line i。188321,,,331,51
22.645,Daoguang,1821-1850,Xuan Zong,"Board of Revenue (Boo-chiowan, Peking)",道光通t Dao Guang tong bao,,,,331,51
22.646,Daoguang,1821-1850,Xuan Zong,"Board of Revenue (Boo-chiowan, Peking)",,Closed head; two dot tong。 1828.35,,1828-35,331,51
22.647,Daoguang,1821-1850,Xuan Zong,"Board of Revenue (Boo-chiowan, Peking)",,Protruding head; two dot tong。 15 1836-50。 Broad rim coins。 15,,1836-50,331,51
22.648,Daoguang,1821-1850,Xuan Zong,"Board of Revenue (Boo-chiowan, Peking)",,"Protruding head, two dot toig。 3649 Tong 10 In Coastal Provnce style 10",10,,331,51
22.649,Daoguang,1821-1850,Xuan Zong,"Board of Revenue (Boo-chiowan, Peking)",道光通t Dao Guang tong bao,,,,331,51
22.650,Daoguang,1821-1850,Xuan Zong,"Board of Revenue (Boo-chiowan, Peking)",道光通t Dao Guang tong bao,,,,331,51
22.651,Daoguang,1821-1850,Xuan Zong,"Board of Revenue (Boo-chiowan, Peking)",,"卫02388,51514 15 Small Guang。 1824.30 15 Caslinig was suspended in 1830 as il was rot profitable",8,1824-30,331,51
22.655,Daoguang,1821-1850,Xuan Zong,"Board of Revenue (Boo-chiowan, Peking)",,,,,332,52
22.658,Daoguang,1821-1850,Xuan Zong,"Board of Revenue (Boo-chiowan, Peking)",道光逦霹 Dao Guang tong bao,Rev: Line above 卫D2404,4,,332,52
22.659,Daoguang,1821-1850,Xuan Zong,"Board of Revenue (Boo-chiowan, Peking)",道光逦霹 Dao Guang tong bao,Rev; Dot above。 葚,,,332,52
22.660,Daoguang,1821-1850,Xuan Zong,"Board of Revenue (Boo-chiowan, Peking)",道光逦霹 Dao Guang tong bao,Large,,,332,52
22.661,Daoguang,1821-1850,Xuan Zong,"Board of Revenue (Boo-chiowan, Peking)",道光逦霹 Dao Guang tong bao,Rev; Small crescent above。 Closed head tong 1825.50,,1825-50,332,52
22.662,Daoguang,1821-1850,Xuan Zong,"Board of Revenue (Boo-chiowan, Peking)",道光逦霹 Dao Guang tong bao,Rev: Small,,,332,52
22.663,Daoguang,1821-1850,Xuan Zong,"Board of Revenue (Boo-chiowan, Peking)",道光逦霹 Dao Guang tong bao,Rev: Large,,,332,52
22.664,Daoguang,1821-1850,Xuan Zong,"Board of Revenue (Boo-chiowan, Peking)",道光逦霹 Dao Guang tong bao,Rev: Large dot above。 簋,,,332,52
22.665,Daoguang,1821-1850,Xuan Zong,"Board of Revenue (Boo-chiowan, Peking)",道光逦霹 Dao Guang tong bao,Rev; Small dot above 32.666 Rev: Dot above and below,,,332,52
22.666,Daoguang,1821-1850,Xuan Zong,"Board of Revenue (Boo-chiowan, Peking)",,Bmperor Xuan Zong,,,332,52
22.590,Daoguang,1821-1850,Xuan Zong,"Board of Works (Boo-yuwan, Peking)",道光通赛 Dao Guang tong bao,"-2 卫02387,81513 16 Type B.Guang smalL Often degenerate。 1824.50",7,1824-50,327,47
22.591,Daoguang,1821-1850,Xuan Zong,"Board of Works (Boo-yuwan, Peking)",道光通赛 Dao Guang tong bao,"Square head, two dot tong。 Old branch Not recorded 22.,592 Square head, one dot tong。 Auxiliary furnaces。 11 Type 42. Guang large, seven stroke bei。 1821.23",23,1821-23,327,47
22.593,Daoguang,1821-1850,Xuan Zong,"Board of Works (Boo-yuwan, Peking)",道光通赛 Dao Guang tong bao,-5 Branch privy marks as,,,327,47
22.680,Daoguang,1821-1850,Xuan Zong,"Board of Works (Boo-yuwan, Peking)",道光通瓮 Dao Guang tong bao,West 罾,,,335,55
22.681,Daoguang,1821-1850,Xuan Zong,"Board of Works (Boo-yuwan, Peking)",道光通瓮 Dao Guang tong bao,Nz Dast,,,335,55
22.684,Daoguang,1821-1850,Xuan Zong,"Board of Works (Boo-yuwan, Peking)",道光通瓮 Dao Guang tong bao,寓 Ner8s 咸 譬 重 0 餐潼 醯 堕 罾 { 甘,,,335,55
22.618,Daoguang,1821-1850,Xuan Zong,"Changsha, Hunan",道光通窦 Dao Guang tong bao,The,,,328,48
22.631,Daoguang,1821-1850,Xuan Zong,"Chengdu, Sichuan",道光通C Dao Guang tong bao,Square head tong,,,329,49
22.667,Daoguang,1821-1850,Xuan Zong,"Kucha, Xinjiang",道光通瓮 Dao Guang tong bao,Thin calligraphy。 14,,,333,53
22.668,Daoguang,1821-1850,Xuan Zong,"Kucha, Xinjiang",道光通瓮 Dao Guang tong bao,"Thick crude characters 14 Rev: Boo left, ""chuan"" for",,,333,53
22.669,Daoguang,1821-1850,Xuan Zong,"Kucha, Xinjiang",道光通瓮 Dao Guang tong bao,Sux stroke bei。 1,,,333,53
22.670,Daoguang,1821-1850,Xuan Zong,"Kucha, Xinjiang",道光通瓮 Dao Guang tong bao,Same; reverse inscription inverted Attributable to the short-lived,,,333,53
22.671,Daoguang,1821-1850,Xuan Zong,"Kucha, Xinjiang",道光通瓮 Dao Guang tong bao,"Rev: Boo left, ""chuan"" for",,,333,53
22.620,Daoguang,1821-1850,Xuan Zong,"Suzhou, Jiangsu",道光通C Dao Guang tong bao,"Closed ednead; tWo dot tong。 1821.26 R02389,51515 16",16,1821-26,329,49
22.621,Daoguang,1821-1850,Xuan Zong,"Suzhou, Jiangsu",道光通C Dao Guang tong bao,Small comn。 16,,,329,49
22.622,Daoguang,1821-1850,Xuan Zong,"Suzhou, Jiangsu",道光通C Dao Guang tong bao,"Protruding head, two dot tong 1830s-405。 16",16,,329,49
22.623,Daoguang,1821-1850,Xuan Zong,"Suzhou, Jiangsu",道光通C Dao Guang tong bao,Small comn,,,329,49
22.624,Daoguang,1821-1850,Xuan Zong,"Suzhou, Jiangsu",道光通C Dao Guang tong bao,"k Broad rim coin. Closed head, two dot tong。 Casting stopped in 1826 because O[ the high price O[ silver; resumed belween 1830 and 1839 al a level O 27,900 strings a year, and then again from 1843 ala level Of only 16,000 strings a vear",,,329,49
22.1071,Xianfeng,1851-1861,Wen Zong,"Aksu, Xinjiang",,Rev: Tailof Aqot culy,,,385,105
22.1072,Xianfeng,1851-1861,Wen Zong,"Aksu, Xinjiang",,Rev: Tail of Aqu curves right,,,385,105
22.1073,Xianfeng,1851-1861,Wen Zong,"Aksu, Xinjiang",,Six stroke protruding bei。 Rev: 篱十 Dang shi (Value Ten). 1851-61,,1851-61,385,105
22.1074,Xianfeng,1851-1861,Wen Zong,"Aksu, Xinjiang",,Rev: Tail of Aqou curly,,,385,105
22.1075,Xianfeng,1851-1861,Wen Zong,"Aksu, Xinjiang",,Rev: Tail of Aqou curves right,,,385,105
22.1076,Xianfeng,1851-1861,Wen Zong,"Aksu, Xinjiang",,Six stroke protruding bei。 Obv: 咸蹩重窦 Kian Reng zhong ba0,,,385,105
22.1077,Xianfeng,1851-1861,Wen Zong,"Aksu, Xinjiang",,Rev: 嵩五十 Dang wushi (Value Fifty). 1853-59 Obv: 咸鳖元赛 Kian Reng Juan bao。 Rev: 嵩百 Dang bai (Value One Hundred). 1854-59,,1853-59,385,105
22.1079,Xianfeng,1851-1861,Wen Zong,"Aksu, Xinjiang",,Obv: Small bao。 RD2568 瓷 R02570 & RD2571 10 p02571,10,,385,105
22.1080,Xianfeng,1851-1861,Wen Zong,"Aksu, Xinjiang",,Obv: Curved feet bao,,,386,106
22.1081,Xianfeng,1851-1861,Wen Zong,"Aksu, Xinjiang",,Obv: Six stroke bei。 Rev: Tail0f Aqou curving right,,,386,106
22.1082,Xianfeng,1851-1861,Wen Zong,"Aksu, Xinjiang",,"Rev: Tail Of Aqou slightly gov: Defstroteoelng bei Rev: ""a @f Aqou slingtlacurving right Tn 1853,i Was reported that casting O[ dards; large much less than the Board 0[ Regercestardaconaseneedi coins had VeT They 0s Were made to locol weighl stan Valwe Fifties and One Hundreds Were re-Casl ns they were made O[ pure red copper: In 1859, Value Tens。 Value Tens, one slring Of either making Uhree strins O",,,386,106
22.1083,Xianfeng,1851-1861,Wen Zong,"Aksu, Xinjiang",,Closed head tong: 1851.53,,1851-53,386,106
22.1084,Xianfeng,1851-1861,Wen Zong,"Aksu, Xinjiang",,Ti; Xinjiang; Rev: Boo ileft and right。 Obv: 咸蹩通寰 Xian Feng tong bao,,,386,106
22.1088,Xianfeng,1851-1861,Wen Zong,"Aksu, Xinjiang",,赞[通 暨 号 禺,,,387,107
22.686,Xianfeng,1851-1861,Wen Zong,"Board of Revenue (Boo-chiowan, Peking)",咸型(丰)通宵 Kian Feng tong bao,Obv; Kian Peng zhongbao。 Rev,,,335,55
22.687,Xianfeng,1851-1861,Wen Zong,"Board of Revenue (Boo-chiowan, Peking)",咸型(丰)通宵 Kian Feng tong bao,Obv: Kian Reng zooggbao bao。 Rev,,,335,55
22.688,Xianfeng,1851-1861,Wen Zong,"Board of Revenue (Boo-chiowan, Peking)",咸型(丰)通宵 Kian Feng tong bao,Obv: Tian Feng tong Rev,,,335,55
22.689,Xianfeng,1851-1861,Wen Zong,"Board of Revenue (Boo-chiowan, Peking)",咸型(丰)通宵 Kian Feng tong bao,Obv: Tian Feng zhongbao。 Rev,,,335,55
22.690,Xianfeng,1851-1861,Wen Zong,"Board of Revenue (Boo-chiowan, Peking)",,"尔 Er bao, Six stroke bei. Bast branch_ P2121 13",13,,336,56
22.691,Xianfeng,1851-1861,Wen Zong,"Board of Revenue (Boo-chiowan, Peking)",,"尔 Br bao, seven stroke bei。 South branch 13",,,336,56
22.692,Xianfeng,1851-1861,Wen Zong,"Board of Revenue (Boo-chiowan, Peking)",,"缶 Pou bao, seven stroke ber West branch 13",,,336,56
22.693,Xianfeng,1851-1861,Wen Zong,"Board of Revenue (Boo-chiowan, Peking)",,"尔 Br bao; protruding head boo。 North branch 13 Type MI Narrow rims, diam 31-35m皿, nominal weight 4.4 qian, actual weight 12-16 grams Blegant; flownyou characters。 March 1854-1857",,1854-1857,336,56
22.694,Xianfeng,1851-1861,Wen Zong,"Board of Revenue (Boo-chiowan, Peking)",,"缶 bao, Sir stroke bei。 Last branch 卫D2420",0,,336,56
22.695,Xianfeng,1851-1861,Wen Zong,"Board of Revenue (Boo-chiowan, Peking)",,"尔 Br bao, seven stroke bei。 South branch",,,336,56
22.696,Xianfeng,1851-1861,Wen Zong,"Board of Revenue (Boo-chiowan, Peking)",,"缶 Pou bao, seven stroke bei TTest branch """,,,336,56
22.697,Xianfeng,1851-1861,Wen Zong,"Board of Revenue (Boo-chiowan, Peking)",,"缶 Rou bao, protruding head boo North branch Type M2 Broad rims; diameter around 3Omm. 1857-61",,1857-61,336,56
22.698,Xianfeng,1851-1861,Wen Zong,"Board of Revenue (Boo-chiowan, Peking)",,-701 Branch privy marks a8,,,336,56
22.699,Xianfeng,1851-1861,Wen Zong,"Board of Revenue (Boo-chiowan, Peking)",咸型(丰)通宵 Kian Feng tong bao,寰 West,,,336,56
22.700,Xianfeng,1851-1861,Wen Zong,"Board of Revenue (Boo-chiowan, Peking)",咸型(丰)通宵 Kian Feng tong bao,{ SW 置 - Past,,,336,56
22.702,Xianfeng,1851-1861,Wen Zong,"Board of Revenue (Boo-chiowan, Peking)",,"尔 Er bao, Se stroke bei。 Bast branch 卫02427",7,,337,57
22.703,Xianfeng,1851-1861,Wen Zong,"Board of Revenue (Boo-chiowan, Peking)",,"尔 Er bao, seven stroke bei。 South branch """,,,337,57
22.704,Xianfeng,1851-1861,Wen Zong,"Board of Revenue (Boo-chiowan, Peking)",,"尔 Fr bao; protruding head boo North branch。 Pull production Of this type did nol start until October 1833。 Type M。 Smaller size, diameter around 47m皿, nominal weight liang 2 qian, actual weight around 35 grams. Blegant, towing characters. March 1854-July 1855",,,337,57
22.705,Xianfeng,1851-1861,Wen Zong,"Board of Revenue (Boo-chiowan, Peking)",,枭 Seuta Xni . Sonts ' Wesb7 South 咸 雷,,,337,57
22.706,Xianfeng,1851-1861,Wen Zong,"Board of Revenue (Boo-chiowan, Peking)",,"尔 Br bao, seven stroke bei South branch。 k",,,337,57
22.707,Xianfeng,1851-1861,Wen Zong,"Board of Revenue (Boo-chiowan, Peking)",,"缶 Rou bao, seven gtroke bei。 WVest branch 12 Value One Hundred。 Obv: 咸蹩元愈 Kian Peng Juan bao。 Rev: :百 Dang bai (Value One Hundred) above and below。 Type M. Nominal weight 1 liang 4 qian, actual weight around 45 Brams. March 1854 July 1855",,,337,57
22.708,Xianfeng,1851-1861,Wen Zong,"Board of Revenue (Boo-chiowan, Peking)",,"缶 Rou bao, SI stroke ber。 Past branch。 T02430 11",0,,337,57
22.709,Xianfeng,1851-1861,Wen Zong,"Board of Revenue (Boo-chiowan, Peking)",,"尔 Br bao, seven stroke bei South branch 20,710 缶 Rou bao, seven stroke bei。 West branch。 """,,,337,57
22.710,Xianfeng,1851-1861,Wen Zong,"Board of Revenue (Boo-chiowan, Peking)",,卦 North,,,337,57
22.711,Xianfeng,1851-1861,Wen Zong,"Board of Revenue (Boo-chiowan, Peking)",,"缶 Rou bao, protruding head boo。 North branch",,,337,57
22.712,Xianfeng,1851-1861,Wen Zong,"Board of Revenue (Boo-chiowan, Peking)",,"缶 Rou bao, seven stroke bei。 West branch。 RD02433",3,,338,58
22.713,Xianfeng,1851-1861,Wen Zong,"Board of Revenue (Boo-chiowan, Peking)",,"缶 Rou bao, protruding head boo。 North branch Value One Thousand Obv: 咸蹩元窦 Kian Peng Juan bao。 Rev: 瞥干 Dang qian (Value One Thousand) above and below Nominal weight 2 liang; actual weight around 75 grams March 1854. Aug 1854",,,338,58
22.714,Xianfeng,1851-1861,Wen Zong,"Board of Revenue (Boo-chiowan, Peking)",,"缶 Fou bao, seven stroke bei。 West branch 卫02435",5,,338,58
22.715,Xianfeng,1851-1861,Wen Zong,"Board of Revenue (Boo-chiowan, Peking)",,"缶 Fou bao, protruding head boo。 North branch。 Althowgh the regulations stated that pure copper should be used, brass specimens Of Ihe Value One Thou sands and the Volue Five Hundreds are found which look like the work of the olfcial min",,,338,58
22.716,Xianfeng,1851-1861,Wen Zong,"Board of Revenue (Boo-chiowan, Peking)",,Rev; 凿五十 Dang wushi (Value Fifty) 卫02429 11 Obv: 咸塑元N Jian Feng Juan bao,9,,339,59
22.717,Xianfeng,1851-1861,Wen Zong,"Board of Revenue (Boo-chiowan, Peking)",,Rev: 鲎百 Dang bai (Value One Hundred) 卫D2431,1,,339,59
22.718,Xianfeng,1851-1861,Wen Zong,"Board of Revenue (Boo-chiowan, Peking)",,Rev: 百 Dang erbai (Value Two Hundred) RD2432,2,,339,59
22.719,Xianfeng,1851-1861,Wen Zong,"Board of Revenue (Boo-chiowan, Peking)",,Rev; 三百 Dang sanbai (Value Three Hundred).No dol and crescenl,,,339,59
22.720,Xianfeng,1851-1861,Wen Zong,"Board of Revenue (Boo-chiowan, Peking)",,Rev: 富五百 Dang wubai (Value Rive Hundred)。 卫02434,4,,339,59
22.721,Xianfeng,1851-1861,Wen Zong,"Board of Revenue (Boo-chiowan, Peking)",,Rev: 凿干 Dang qian (Value One Thousand) p02436,,,339,59
22.722,Xianfeng,1851-1861,Wen Zong,"Board of Revenue (Boo-chiowan, Peking)",,Closed bead tong。 13,13,,340,60
22.723,Xianfeng,1851-1861,Wen Zong,"Board of Revenue (Boo-chiowan, Peking)",,Square head tong。 Type A. The,,,340,60
22.724,Xianfeng,1851-1861,Wen Zong,"Board of Revenue (Boo-chiowan, Peking)",,"Square head, two dot tong。 South branch",,,340,60
22.725,Xianfeng,1851-1861,Wen Zong,"Board of Revenue (Boo-chiowan, Peking)",,Closed head one dot tong。 West branch $,,,340,60
22.726,Xianfeng,1851-1861,Wen Zong,"Board of Revenue (Boo-chiowan, Peking)",,"No privy marks。 ?North branch。 Type B. The first stroke of bao attached to the horizontal stroke. Bei rectangular, with feet attached at the Corners (except for East branch)",,,340,60
22.727,Xianfeng,1851-1861,Wen Zong,"Board of Revenue (Boo-chiowan, Peking)",,-30尔 Br bao. Branch privy marks as,,,340,60
22.728,Xianfeng,1851-1861,Wen Zong,"Board of Revenue (Boo-chiowan, Peking)",,Wesbg North,,,340,60
22.730,Xianfeng,1851-1861,Wen Zong,"Board of Revenue (Boo-chiowan, Peking)",,Bast,,,340,60
22.731,Xianfeng,1851-1861,Wen Zong,"Board of Revenue (Boo-chiowan, Peking)",,"Six stroke bei 小 rin bao. Closed head, one dot torg. Protruding head boo. 1858-59. 11 Attribulable to the Niddle branch Oj the Iron Coin Min",,1858-59,340,60
22.732,Xianfeng,1851-1861,Wen Zong,"Board of Revenue (Boo-chiowan, Peking)",,"Six stroke bei; 缶 fou bao Square head, one dot tong 1857.59",,1857-59,340,60
22.733,Xianfeng,1851-1861,Wen Zong,"Board of Revenue (Boo-chiowan, Peking)",,"Seven stroke bei, 缶 fou bao. Closed head one dot tong 1857-59 11 Attribulable to the Board Ol Reuenue minl",,1857-59,340,60
22.734,Xianfeng,1851-1861,Wen Zong,"Board of Revenue (Boo-chiowan, Peking)",,"Seven stroke bei, 珍 zhen bao. Closed head, Lwo dot torlg 1855.59. In 1855, another minl branch under the Board Ol Revenue UQS opered in the Pingding preleclure O[ Shani to cast iron coins。 This mint initially had 29 furnaces (So was approzimately the same size as a",,1855-59,340,60
22.735,Xianfeng,1851-1861,Wen Zong,"Board of Revenue (Boo-chiowan, Peking)",,Like the,,,341,61
22.736,Xianfeng,1851-1861,Wen Zong,"Board of Revenue (Boo-chiowan, Peking)",,South West North '寰^,,,341,61
22.737,Xianfeng,1851-1861,Wen Zong,"Board of Revenue (Boo-chiowan, Peking)",,,,,341,61
22.738,Xianfeng,1851-1861,Wen Zong,"Board of Revenue (Boo-chiowan, Peking)",,Pingding,,,341,61
22.739,Xianfeng,1851-1861,Wen Zong,"Board of Revenue (Boo-chiowan, Peking)",,,,,341,61
22.740,Xianfeng,1851-1861,Wen Zong,"Board of Revenue (Boo-chiowan, Peking)",,,,,341,61
22.747,Xianfeng,1851-1861,Wen Zong,"Board of Revenue (Boo-chiowan, Peking)",,,,,341,61
22.748,Xianfeng,1851-1861,Wen Zong,"Board of Revenue (Boo-chiowan, Peking)",,Rev,,,341,61
22.749,Xianfeng,1851-1861,Wen Zong,"Board of Revenue (Boo-chiowan, Peking)",,Emperor Wen Zong,,,341,61
22.824,Xianfeng,1851-1861,Wen Zong,"Board of Revenue (Boo-chiowan, Peking)",,Poor quality local type Obv: 咸型重寞 Tian Teng Zhong bao Rev: Denomination above and below,,,354,74
22.825,Xianfeng,1851-1861,Wen Zong,"Board of Revenue (Boo-chiowan, Peking)",,Rev: 凿十 Dang Shi (Value Ten),,,354,74
22.826,Xianfeng,1851-1861,Wen Zong,"Board of Revenue (Boo-chiowan, Peking)",,"Rev: 篱五十 Dang Wushi (Value Pifty) 1853.54 1853-54 卫02546,81551 15 15 1853-51。 1853-51。 卫D2547 卫02548 12",8,1853-54,354,74
22.828,Xianfeng,1851-1861,Wen Zong,"Board of Revenue (Boo-chiowan, Peking)",,Local type。 1855-61,,1855-61,355,75
22.829,Xianfeng,1851-1861,Wen Zong,"Board of Revenue (Boo-chiowan, Peking)",,,,,355,75
22.830,Xianfeng,1851-1861,Wen Zong,"Board of Revenue (Boo-chiowan, Peking)",,Rev: Plamn,,,355,75
22.831,Xianfeng,1851-1861,Wen Zong,"Board of Revenue (Boo-chiowan, Peking)",,Rev: Crescent above,,,355,75
22.832,Xianfeng,1851-1861,Wen Zong,"Board of Revenue (Boo-chiowan, Peking)",,Rev: Large dot above。 Rev: Numbers in commercial style above. 18505,,,355,75
22.833,Xianfeng,1851-1861,Wen Zong,"Board of Revenue (Boo-chiowan, Peking)",,Rev; 2,,,355,75
22.834,Xianfeng,1851-1861,Wen Zong,"Board of Revenue (Boo-chiowan, Peking)",,Rev; 3,,,355,75
22.835,Xianfeng,1851-1861,Wen Zong,"Board of Revenue (Boo-chiowan, Peking)",,"Rev: 4。 22.,836 Rev: 5",,,355,75
22.836,Xianfeng,1851-1861,Wen Zong,"Board of Revenue (Boo-chiowan, Peking)",,,,,355,75
22.837,Xianfeng,1851-1861,Wen Zong,"Board of Revenue (Boo-chiowan, Peking)",,Rev: 6,,,355,75
22.838,Xianfeng,1851-1861,Wen Zong,"Board of Revenue (Boo-chiowan, Peking)",,Rev 7,,,355,75
22.839,Xianfeng,1851-1861,Wen Zong,"Board of Revenue (Boo-chiowan, Peking)",,Rev: 8(?),,,355,75
22.840,Xianfeng,1851-1861,Wen Zong,"Board of Revenue (Boo-chiowan, Peking)",,Rev: 9. Other unclear reverse marks have been reported。 Obv: 咸鳖重亵 Kian Feng Zhong bao,,,355,75
22.841,Xianfeng,1851-1861,Wen Zong,"Board of Revenue (Boo-chiowan, Peking)",,Rev: 凿十 Dang shi (Value Ten) 1853-54。 T02544 盏 酱 13 13 # 51548 202545 13,4,1853-54,355,75
22.842,Xianfeng,1851-1861,Wen Zong,"Board of Revenue (Boo-chiowan, Peking)",咸暨通l Kian Peng tong bao,head tong; iron. Huaiqing。 1855-59。 FD2490~ 13,0,1855-59,356,76
22.843,Xianfeng,1851-1861,Wen Zong,"Board of Revenue (Boo-chiowan, Peking)",咸暨通l Kian Peng tong bao,"gse head tong; iron。 Kaieng: 1856-59。 12 Small characters, different calligraphy",,1856-59,356,76
22.844,Xianfeng,1851-1861,Wen Zong,"Board of Revenue (Boo-chiowan, Peking)",咸暨通l Kian Peng tong bao,Brass ?Kaifeng: 1854.55. 10,10,1854-55,356,76
22.845,Xianfeng,1851-1861,Wen Zong,"Board of Revenue (Boo-chiowan, Peking)",咸暨通l Kian Peng tong bao,"Trou ?Kaifeng; 1854-55. 10 Ar the beginning Of 1855, trial castings O[ iron coins took place in the Kaiui and Hebei districts; Huaiqing; in the Henei district, also Set U furnaces for casting iron coins; and in January 1856, Kaileng started cast ing iron coins QS well。 In 1859,让 tas reported that Kaifeng had four furnaces and Huaiqing had twenty furnaces, later reduced to eight. Both minls stopped casting iron coins in Rebruary 1859. Iron regulaton COins are Jound with a square and a closed head tOng. As the square head tonB coing are comparatively more COTIIOI they can be attributed to the Huaiqing minl which had more furnaces than Kaifeng: Large coins Obv: 咸塑重蜜 Kian Feng zhong bao. Rev: Denomination above and below",,1854-55,356,76
22.846,Xianfeng,1851-1861,Wen Zong,"Board of Revenue (Boo-chiowan, Peking)",咸暨通l Kian Peng tong bao,Rev 十 Dang shi (Value Ten)。 1854-55 F02491 12,1,1854-55,356,76
22.847,Xianfeng,1851-1861,Wen Zong,"Board of Revenue (Boo-chiowan, Peking)",咸暨通l Kian Peng tong bao,Rev; 五十 Dang wushi (Value Fifty) 1854-55。 p02492 11 Obv: 咸些元簟 Kian Reng ywan bao,,1854-55,356,76
22.848,Xianfeng,1851-1861,Wen Zong,"Board of Revenue (Boo-chiowan, Peking)",咸暨通l Kian Peng tong bao,Rev: 富百 Dang bai (Value One Hundred) 1854-55 R02493 10,10,1854-55,356,76
22.849,Xianfeng,1851-1861,Wen Zong,"Board of Revenue (Boo-chiowan, Peking)",咸暨通l Kian Peng tong bao,Localtype。 1854-55. 10,10,1854-55,356,76
22.850,Xianfeng,1851-1861,Wen Zong,"Board of Revenue (Boo-chiowan, Peking)",,Rev: 篱五百 Dang wubai (Value Five Hundred). 1854,,,357,77
22.851,Xianfeng,1851-1861,Wen Zong,"Board of Revenue (Boo-chiowan, Peking)",,Rev: 凿千 Dang qian (Value One Thousand) 1854. TD2494 Wuchang Hubei. Rev; Boo Uleft and right。 Obv; 咸蹩通< Jian Feng tong bao,4,,357,77
22.852,Xianfeng,1851-1861,Wen Zong,"Board of Revenue (Boo-chiowan, Peking)",,Square head tong. Brass,,,357,77
22.853,Xianfeng,1851-1861,Wen Zong,"Board of Revenue (Boo-chiowan, Peking)",,Iron,,,357,77
22.854,Xianfeng,1851-1861,Wen Zong,"Board of Revenue (Boo-chiowan, Peking)",,Closed head tong,,,357,77
22.855,Xianfeng,1851-1861,Wen Zong,"Board of Revenue (Boo-chiowan, Peking)",,Like Large coins Type 5,,,357,77
22.856,Xianfeng,1851-1861,Wen Zong,"Board of Revenue (Boo-chiowan, Peking)",,Rev: 蕾十 Dang shi (Value Ten)。 卫D2472 11 Large coins Type 2. Obv: 咸:重C Xian Peng Zhong bao. Six stroke bei。 1854-56。 Rev: Denomination above and below,11,1854-56,358,78
22.857,Xianfeng,1851-1861,Wen Zong,"Board of Revenue (Boo-chiowan, Peking)",,Rev: 富十 Dang shi (Value Ten),,,358,78
22.858,Xianfeng,1851-1861,Wen Zong,"Board of Revenue (Boo-chiowan, Peking)",,Crescent above the U,,,358,78
22.859,Xianfeng,1851-1861,Wen Zong,"Board of Revenue (Boo-chiowan, Peking)",,"Rev: 凿五十 Dan wushi (Value Fifty) 卫02473 """,3,,358,78
22.860,Xianfeng,1851-1861,Wen Zong,"Board of Revenue (Boo-chiowan, Peking)",,Crescent above tbe U。 Obv: 咸型元# Jian Feng Vuan bao。 32.861 Rev: 富百 Dang bai (Value One Hundred) 卫D2474,4,,358,78
22.861,Xianfeng,1851-1861,Wen Zong,"Board of Revenue (Boo-chiowan, Peking)",,,,,358,78
22.862,Xianfeng,1851-1861,Wen Zong,"Board of Revenue (Boo-chiowan, Peking)",,Crescent above the U。 n,,,358,78
22.870,Xianfeng,1851-1861,Wen Zong,"Board of Revenue (Boo-chiowan, Peking)",,,,,359,79
22.877,Xianfeng,1851-1861,Wen Zong,"Board of Revenue (Boo-chiowan, Peking)",咸鬯通寰 Kian Reng tong bao,"缶 Rou bao, possibly one of the branch mints Coastal Province types",,,361,81
22.878,Xianfeng,1851-1861,Wen Zong,"Board of Revenue (Boo-chiowan, Peking)",咸鬯通寰 Kian Reng tong bao,Closed head tong。 1857.60,,1857-60,361,81
22.879,Xianfeng,1851-1861,Wen Zong,"Board of Revenue (Boo-chiowan, Peking)",咸鬯通寰 Kian Reng tong bao,Small specimcn 2.880 lov: Crescent above。 $ 1855,,,361,81
22.882,Xianfeng,1851-1861,Wen Zong,"Board of Revenue (Boo-chiowan, Peking)",咸鬯通寰 Kian Reng tong bao,Protruding head tong。 1857-60,,1857-60,361,81
22.883,Xianfeng,1851-1861,Wen Zong,"Board of Revenue (Boo-chiowan, Peking)",咸鬯通寰 Kian Reng tong bao,Small specimen Value Five。 Rev: Boo SU left and right。 凿五 Dang UU (Value Rive) above and below_,,,361,81
22.884,Xianfeng,1851-1861,Wen Zong,"Board of Revenue (Boo-chiowan, Peking)",咸鬯通寰 Kian Reng tong bao,Obv: 咸鬯通窦 Kian Reng tong bao。 1854 3,3,,361,81
22.885,Xianfeng,1851-1861,Wen Zong,"Board of Revenue (Boo-chiowan, Peking)",咸鬯通寰 Kian Reng tong bao,Obv: 咸燮重| Kian Feng Zhong bao. Seven stroke bei. Iron。 1855。 8,8,,361,81
22.886,Xianfeng,1851-1861,Wen Zong,"Board of Revenue (Boo-chiowan, Peking)",咸鬯通寰 Kian Reng tong bao,Six stroke bei. Iron。 1855。 10,10,,361,81
22.887,Xianfeng,1851-1861,Wen Zong,"Board of Revenue (Boo-chiowan, Peking)",,Rev: 嵩十 Dang shi (Value Ten)。 Large SIZe,,,362,82
22.888,Xianfeng,1851-1861,Wen Zong,"Board of Revenue (Boo-chiowan, Peking)",,Nedium Size,,,362,82
22.889,Xianfeng,1851-1861,Wen Zong,"Board of Revenue (Boo-chiowan, Peking)",,Iron,,,362,82
22.890,Xianfeng,1851-1861,Wen Zong,"Board of Revenue (Boo-chiowan, Peking)",,Small characters,,,362,82
22.891,Xianfeng,1851-1861,Wen Zong,"Board of Revenue (Boo-chiowan, Peking)",咸鬯通寰 Kian Reng tong bao,,,,362,82
22.892,Xianfeng,1851-1861,Wen Zong,"Board of Revenue (Boo-chiowan, Peking)",咸鬯通寰 Kian Reng tong bao,,,,362,82
22.893,Xianfeng,1851-1861,Wen Zong,"Board of Revenue (Boo-chiowan, Peking)",咸鬯通寰 Kian Reng tong bao,,,,362,82
22.894,Xianfeng,1851-1861,Wen Zong,"Board of Revenue (Boo-chiowan, Peking)",咸鬯通寰 Kian Reng tong bao,Emperor Wen Zong,,,362,82
22.895,Xianfeng,1851-1861,Wen Zong,"Board of Revenue (Boo-chiowan, Peking)",,Rev Dang shi (Value Twenty). Distinguish tom,,,363,83
22.896,Xianfeng,1851-1861,Wen Zong,"Board of Revenue (Boo-chiowan, Peking)",,Rev; 富五 Dang wushi (Value Pifty),,,363,83
22.897,Xianfeng,1851-1861,Wen Zong,"Board of Revenue (Boo-chiowan, Peking)",,"Local pattern 11 Large coins Type 2. Obv: 咸蹩重贫 Kian Peng Zhong bao. 尔P bao, geven stroke bei Rev; Z SU. Denommation above and below. 1854.55",,1854-55,363,83
22.898,Xianfeng,1851-1861,Wen Zong,"Board of Revenue (Boo-chiowan, Peking)",,Rev: 蕾十 Dang shi (Value Ten),,,363,83
22.899,Xianfeng,1851-1861,Wen Zong,"Board of Revenue (Boo-chiowan, Peking)",,Rev: 富五十 Dang wtshi (Value Rifty). Curved 咸 rian。 11,,,363,83
22.900,Xianfeng,1851-1861,Wen Zong,"Board of Revenue (Boo-chiowan, Peking)",,Emperor Wen Zong,,,363,83
22.901,Xianfeng,1851-1861,Wen Zong,"Board of Revenue (Boo-chiowan, Peking)",,Medium bao,,,364,84
22.902,Xianfeng,1851-1861,Wen Zong,"Board of Revenue (Boo-chiowan, Peking)",,Small bqo,,,364,84
22.903,Xianfeng,1851-1861,Wen Zong,"Board of Revenue (Boo-chiowan, Peking)",,Long feet ban Rev: 富五十 Dang wushi (Value Fifty),,,364,84
22.904,Xianfeng,1851-1861,Wen Zong,"Board of Revenue (Boo-chiowan, Peking)",,"Medium bao Curved rian。 22.,905 Long feet bao. Hook rian",,,364,84
22.905,Xianfeng,1851-1861,Wen Zong,"Board of Revenue (Boo-chiowan, Peking)",,,,,364,84
22.906,Xianfeng,1851-1861,Wen Zong,"Board of Revenue (Boo-chiowan, Peking)",,Iron。 Hook rian,,,364,84
22.907,Xianfeng,1851-1861,Wen Zong,"Board of Revenue (Boo-chiowan, Peking)",,Left protruding bao. Curved rian,,,364,84
22.908,Xianfeng,1851-1861,Wen Zong,"Board of Revenue (Boo-chiowan, Peking)",,Left protruding bao. Hook rian。 14 3 鼍,,,364,84
22.909,Xianfeng,1851-1861,Wen Zong,"Board of Revenue (Boo-chiowan, Peking)",,Rev: 凿十 Dang shi (Value Ten). Small bao,,,365,85
22.910,Xianfeng,1851-1861,Wen Zong,"Board of Revenue (Boo-chiowan, Peking)",,Long feet bao,,,365,85
22.911,Xianfeng,1851-1861,Wen Zong,"Board of Revenue (Boo-chiowan, Peking)",,"咸 赛口]重 a 咸 赛[元 赛 矍 22.,914 富 { 鲎 禺 冒",,,365,85
22.912,Xianfeng,1851-1861,Wen Zong,"Board of Revenue (Boo-chiowan, Peking)",,Rev: 富五十 Dang wushi (Value Fifty). Small bao Obv: 咸蹩元贫 Kian Reng yuan bao。 23.913 Rev: 富百 Dang bai (Value One Hundred). Small bao,,,365,85
22.913,Xianfeng,1851-1861,Wen Zong,"Board of Revenue (Boo-chiowan, Peking)",,Emperor Wen Zong,,,365,85
22.914,Xianfeng,1851-1861,Wen Zong,"Board of Revenue (Boo-chiowan, Peking)",,Left protruding bao。 骂 u,,,365,85
22.915,Xianfeng,1851-1861,Wen Zong,"Board of Revenue (Boo-chiowan, Peking)",,Rev: 凿二十 Dang ershi (Value Twenty). Distinguish from,,,366,86
22.916,Xianfeng,1851-1861,Wen Zong,"Board of Revenue (Boo-chiowan, Peking)",,Rev: 三十 Dang sanshi (Value Thirty). Distinguish from,,,366,86
22.917,Xianfeng,1851-1861,Wen Zong,"Board of Revenue (Boo-chiowan, Peking)",,Emperor Wen Zong,,,366,86
22.918,Xianfeng,1851-1861,Wen Zong,"Board of Revenue (Boo-chiowan, Peking)",,Long feet bao,,,366,86
22.919,Xianfeng,1851-1861,Wen Zong,"Board of Revenue (Boo-chiowan, Peking)",,Hook rian。 10 11 10,10,,366,86
22.920,Xianfeng,1851-1861,Wen Zong,"Board of Revenue (Boo-chiowan, Peking)",,Rev: 蕾十 Dang shi (Value Ten). Unorthodox bao,,,367,87
22.921,Xianfeng,1851-1861,Wen Zong,"Board of Revenue (Boo-chiowan, Peking)",,RD2467 Obv: 咸酆元夤 Kian Feng yuan bao。 Rev: 凿百 Dang bai (Value One Hundred) above and below,7,,366,86
22.922,Xianfeng,1851-1861,Wen Zong,"Board of Revenue (Boo-chiowan, Peking)",,Rev; 凿百 Dang bai (Value One Hundred) Broad Rim coins,,,367,87
22.923,Xianfeng,1851-1861,Wen Zong,"Board of Revenue (Boo-chiowan, Peking)",,Square head tong,,,367,87
22.924,Xianfeng,1851-1861,Wen Zong,"Board of Revenue (Boo-chiowan, Peking)",,Closed head tong。 13 10 u,,,367,87
22.925,Xianfeng,1851-1861,Wen Zong,"Board of Revenue (Boo-chiowan, Peking)",,,,,368,88
22.926,Xianfeng,1851-1861,Wen Zong,"Board of Revenue (Boo-chiowan, Peking)",,"Degenerate type。 1854-61 15 Large coins Type 1. Obv: 咸鳖重赛 Kian Feng Zhong bao. Narrow rims, elegant style。 Rev: Denomination above and below 1854",,1854-61,368,88
22.927,Xianfeng,1851-1861,Wen Zong,"Board of Revenue (Boo-chiowan, Peking)",,"Rev: 富十 Dang shi (Value Ten) 卫D2505 13 Large coins Type 2. Obv: 咸蹩重f Kian Reng Zhong bao. Broad rims, larger characters。 Rev: Denomination above and below 1855-60",13,1855-60,368,88
22.928,Xianfeng,1851-1861,Wen Zong,"Board of Revenue (Boo-chiowan, Peking)",,-30 Rev; 富十 Dang shi (alue Ten) Variations i bao。 51595 14,14,,368,88
22.929,Xianfeng,1851-1861,Wen Zong,"Board of Revenue (Boo-chiowan, Peking)",,Rev: 八 ba (eight) above。 Closed head tong. 18505,,,355,75
22.930,Xianfeng,1851-1861,Wen Zong,"Board of Revenue (Boo-chiowan, Peking)",,罾 富,,,368,88
22.931,Xianfeng,1851-1861,Wen Zong,"Board of Revenue (Boo-chiowan, Peking)",,"Rev: 富五十 Darg wushi (Value Fifty)。 卫2506,51590 11",6,,368,88
22.932,Xianfeng,1851-1861,Wen Zong,"Board of Revenue (Boo-chiowan, Peking)",,,,,369,89
22.933,Xianfeng,1851-1861,Wen Zong,"Board of Revenue (Boo-chiowan, Peking)",,Rev 十 Dang shi (Value Ten)。 卫02448,8,,369,89
22.934,Xianfeng,1851-1861,Wen Zong,"Board of Revenue (Boo-chiowan, Peking)",,Rev: 蕾五十 Dang wushi (Value Fifty)。 FD2449 Large coins Type 2. Obv: 咸些重赛 Jian Feng zhong bao. Sprawling local style. 尔 Er bao Rev: Denomination above and below 1855,9,,369,89
22.935,Xianfeng,1851-1861,Wen Zong,"Board of Revenue (Boo-chiowan, Peking)",,Rev: 十 Dang shi (alue Ten),,,369,89
22.936,Xianfeng,1851-1861,Wen Zong,"Board of Revenue (Boo-chiowan, Peking)",,Rev: 五十 Dang Wtlshi (Value Fifty)。 Ohv: 咸骘元蜜 Kian Feng yuan bao,,,369,89
22.937,Xianfeng,1851-1861,Wen Zong,"Board of Revenue (Boo-chiowan, Peking)",,Rev: 富百 Dang bai (Value One Hundred)。 Jinan had only Lwo furnaces in operation,,,369,89
22.938,Xianfeng,1851-1861,Wen Zong,"Board of Revenue (Boo-chiowan, Peking)",,尔 Br bao。 The,,,370,90
22.939,Xianfeng,1851-1861,Wen Zong,"Board of Revenue (Boo-chiowan, Peking)",,"Iron。 1858 """,,,370,90
22.940,Xianfeng,1851-1861,Wen Zong,"Board of Revenue (Boo-chiowan, Peking)",,缶 Pou bao. Iron。 1858。 Large coins Type 1. Obv: 咸酆重赛 Kian Feng 2hong bao. Cf,,,370,90
22.941,Xianfeng,1851-1861,Wen Zong,"Board of Revenue (Boo-chiowan, Peking)",,Rev: 凿十 Dang shi (Value Ten)。 13 Large coins Type 2. Obv: 咸些重霞 Kian Peng zhong bao. Cf,,,370,90
22.942,Xianfeng,1851-1861,Wen Zong,"Board of Revenue (Boo-chiowan, Peking)",,"Rev: 簋十 Dong shi (Value Ten) 13 In 1854, Shanri started to cast Xianfeng Value Ten coins; but requested permission to Slop casting copper coing in 1856 because il was tOO expensiue. Previously; in 1853, The Frovinciol Governor had memorialised the Board, and presenled proposals to aller the casting to iron coins Qs the province was rich in iron and coal The Board quickly replied that it was not Dossible for only Shann to do this how could they allow one prouince to be dil ferent from another? In August 1857, lhe Governor menorialised that the province Was triol casting iron coins; but this seemg to have only lasted for a couple Of months in early 1858",,,370,90
22.944,Xianfeng,1851-1861,Wen Zong,"Board of Revenue (Boo-chiowan, Peking)",,Iron,,,370,90
22.945,Xianfeng,1851-1861,Wen Zong,"Board of Revenue (Boo-chiowan, Peking)",,Local type,,,370,90
22.946,Xianfeng,1851-1861,Wen Zong,"Board of Revenue (Boo-chiowan, Peking)",,"One dot tong. Iron。 1851.53 1854. 1854-58。 1854-58 卫D2496,51550 15 """,6,1851-53,370,90
22.947,Xianfeng,1851-1861,Wen Zong,"Board of Revenue (Boo-chiowan, Peking)",,Rev: 凿十 Dang shi (Value Ten)。 Large coins Type 2. Obv: 咸酆重0 Kian Reng zhong bao. Local pattern. Six stroke bei。 Rev; Denomination above and below 1854,,,371,91
22.948,Xianfeng,1851-1861,Wen Zong,"Board of Revenue (Boo-chiowan, Peking)",,Rev: 富十 Dang shi (Value Ten)。 卫02497,7,,371,91
22.949,Xianfeng,1851-1861,Wen Zong,"Board of Revenue (Boo-chiowan, Peking)",,Rev: 凿五十 Dan Wushi (Value Fifty) Diam. 45 Im Obv: 咸蹩元饔 Kian Reng yuan bao,,,371,91
22.950,Xianfeng,1851-1861,Wen Zong,"Board of Revenue (Boo-chiowan, Peking)",,Rev: 富百 Dang bai (Value One Hundred). Diam. 53 皿皿。 Distinguish from the larger coins,,,371,91
22.961,Xianfeng,1851-1861,Wen Zong,"Board of Revenue (Boo-chiowan, Peking)",,Rev: No marks,,,374,94
22.962,Xianfeng,1851-1861,Wen Zong,"Board of Revenue (Boo-chiowan, Peking)",,Rev: Dot above,,,374,94
22.963,Xianfeng,1851-1861,Wen Zong,"Board of Revenue (Boo-chiowan, Peking)",,Rev: Circle above,,,374,94
22.964,Xianfeng,1851-1861,Wen Zong,"Board of Revenue (Boo-chiowan, Peking)",,Rev: Vertical crescent above,,,374,94
22.965,Xianfeng,1851-1861,Wen Zong,"Board of Revenue (Boo-chiowan, Peking)",,Rev: 工 gong above,,,374,94
22.966,Xianfeng,1851-1861,Wen Zong,"Board of Revenue (Boo-chiowan, Peking)",,Rev: Dot in circle below,,,374,94
22.967,Xianfeng,1851-1861,Wen Zong,"Board of Revenue (Boo-chiowan, Peking)",,Rev: er (two) above,,,374,94
22.968,Xianfeng,1851-1861,Wen Zong,"Board of Revenue (Boo-chiowan, Peking)",,Rev: 三 san (three) above Rev: Numbers in commercial style above,,,374,94
22.972,Xianfeng,1851-1861,Wen Zong,"Board of Revenue (Boo-chiowan, Peking)",,9 2918 1,1,,374,94
22.975,Xianfeng,1851-1861,Wen Zong,"Board of Revenue (Boo-chiowan, Peking)",,13,,,374,94
22.976,Xianfeng,1851-1861,Wen Zong,"Board of Revenue (Boo-chiowan, Peking)",,15,,,374,94
22.977,Xianfeng,1851-1861,Wen Zong,"Board of Revenue (Boo-chiowan, Peking)",,"17 T02549,81540 15 # 51541 #",9,,374,94
22.983,Xianfeng,1851-1861,Wen Zong,"Board of Revenue (Boo-chiowan, Peking)",咸蹩通| Jian Feng tong bao,"Rev: No marks。 1851-51 卫02557,81544",7,1851-51,376,96
22.984,Xianfeng,1851-1861,Wen Zong,"Board of Revenue (Boo-chiowan, Peking)",咸蹩通| Jian Feng tong bao,Iron。 1854,,,376,96
22.985,Xianfeng,1851-1861,Wen Zong,"Board of Revenue (Boo-chiowan, Peking)",咸蹩通| Jian Feng tong bao,Rev: Vertical line above。 1854-61,,1854-61,376,96
22.986,Xianfeng,1851-1861,Wen Zong,"Board of Revenue (Boo-chiowan, Peking)",咸蹩通| Jian Feng tong bao,"Rev: Crescent above。 1854-61 81545 # 2983 Rev: Circle above, crescent below。 1854-61",,1854-61,376,96
22.989,Xianfeng,1851-1861,Wen Zong,"Board of Revenue (Boo-chiowan, Peking)",咸蹩通| Jian Feng tong bao,Rev: Large dot above 1854-61,,1854-61,376,96
22.990,Xianfeng,1851-1861,Wen Zong,"Board of Revenue (Boo-chiowan, Peking)",咸蹩通| Jian Feng tong bao,Rev; Cros8; Or 4 I commercial style above 1854-61. Local type. Six stroke bei square head tong。 1854-61,,1854-61,376,96
22.991,Xianfeng,1851-1861,Wen Zong,"Board of Revenue (Boo-chiowan, Peking)",咸蹩通| Jian Feng tong bao,Rev: 大 da (bIg) or 六 liu (six) above,,,376,96
22.992,Xianfeng,1851-1861,Wen Zong,"Board of Revenue (Boo-chiowan, Peking)",咸蹩通| Jian Feng tong bao,Rev; 上 shang above,,,376,96
22.993,Xianfeng,1851-1861,Wen Zong,"Board of Revenue (Boo-chiowan, Peking)",咸蹩通| Jian Feng tong bao,Rev: 四 si (four) above,,,376,96
22.994,Xianfeng,1851-1861,Wen Zong,"Board of Revenue (Boo-chiowan, Peking)",咸蹩通| Jian Feng tong bao,Rev: 五 wu (Gve) above,,,376,96
22.995,Xianfeng,1851-1861,Wen Zong,"Board of Revenue (Boo-chiowan, Peking)",咸蹩通| Jian Feng tong bao,"Rev: 金 jin above;, dot in circle below",,,376,96
22.996,Xianfeng,1851-1861,Wen Zong,"Board of Revenue (Boo-chiowan, Peking)",咸蹩通| Jian Feng tong bao,"Rev: Stylised bat, symbol of good fortune, above 2.993 Rev: Zegoneatorerm ofyon",,,376,96
22.999,Xianfeng,1851-1861,Wen Zong,"Board of Revenue (Boo-chiowan, Peking)",咸蹩通| Jian Feng tong bao,Rev: Circle above,,,376,96
22.1000,Xianfeng,1851-1861,Wen Zong,"Board of Revenue (Boo-chiowan, Peking)",咸蹩通| Jian Feng tong bao,Rev: Circle below,,,376,96
22.1001,Xianfeng,1851-1861,Wen Zong,"Board of Revenue (Boo-chiowan, Peking)",咸蹩通| Jian Feng tong bao,Rev; Dot in circle below,,,376,96
22.1002,Xianfeng,1851-1861,Wen Zong,"Board of Revenue (Boo-chiowan, Peking)",咸蹩通| Jian Feng tong bao,"Rev: Crescent above, dot in circle below",,,376,96
22.1003,Xianfeng,1851-1861,Wen Zong,"Board of Revenue (Boo-chiowan, Peking)",咸蹩通| Jian Feng tong bao,Rev: Crescent above,,,376,96
22.1004,Xianfeng,1851-1861,Wen Zong,"Board of Revenue (Boo-chiowan, Peking)",咸些逦窀 Kian Peng tong bao,Rev: Inverted crescent below,,,377,97
22.1005,Xianfeng,1851-1861,Wen Zong,"Board of Revenue (Boo-chiowan, Peking)",咸些逦窀 Kian Peng tong bao,Rev: Dot and crescent above,,,377,97
22.1006,Xianfeng,1851-1861,Wen Zong,"Board of Revenue (Boo-chiowan, Peking)",咸些逦窀 Kian Peng tong bao,"Rev: Dot and crescent above and below 9,1007 Rev: Dot and crescent above, crescent below",,,377,97
22.1007,Xianfeng,1851-1861,Wen Zong,"Board of Revenue (Boo-chiowan, Peking)",咸蹩通| Jian Feng tong bao,,,,377,97
22.1008,Xianfeng,1851-1861,Wen Zong,"Board of Revenue (Boo-chiowan, Peking)",咸些逦窀 Kian Peng tong bao,Rev: Ji (one) above,,,377,97
22.1009,Xianfeng,1851-1861,Wen Zong,"Board of Revenue (Boo-chiowan, Peking)",咸些逦窀 Kian Peng tong bao,Rev; 三 san (three) above。 #,,,377,97
22.1010,Xianfeng,1851-1861,Wen Zong,"Board of Revenue (Boo-chiowan, Peking)",咸些逦窀 Kian Peng tong bao,Rev: 4 in commercial style above,,,377,97
22.1011,Xianfeng,1851-1861,Wen Zong,"Board of Revenue (Boo-chiowan, Peking)",咸些逦窀 Kian Peng tong bao,Rev: 5_,,,377,97
22.1012,Xianfeng,1851-1861,Wen Zong,"Board of Revenue (Boo-chiowan, Peking)",咸些逦窀 Kian Peng tong bao,Rev: Stylsed bat (symbol of Bood fortune) above,,,377,97
22.1013,Xianfeng,1851-1861,Wen Zong,"Board of Revenue (Boo-chiowan, Peking)",咸些逦窀 Kian Peng tong bao,"Rev: 霎 Yun[an] in running script above, crescent below。 Closed head tong. 1854-61",,1854-61,377,97
22.1014,Xianfeng,1851-1861,Wen Zong,"Board of Revenue (Boo-chiowan, Peking)",咸些逦窀 Kian Peng tong bao,-5 No marks on reverse。 15 Obv: 咸型重赛 Kian Reng 2hong bao。 Rev: Denomination above and below. 1853-58,,1853-58,377,97
22.1015,Xianfeng,1851-1861,Wen Zong,"Board of Revenue (Boo-chiowan, Peking)",咸蹩通| Jian Feng tong bao,臀,,,377,97
22.1016,Xianfeng,1851-1861,Wen Zong,"Board of Revenue (Boo-chiowan, Peking)",咸些逦窀 Kian Peng tong bao,Rev: 凿十 Dang shi (Value Ten)。 Smallyun。 下02558,,,377,97
22.1017,Xianfeng,1851-1861,Wen Zong,"Board of Revenue (Boo-chiowan, Peking)",咸些逦窀 Kian Peng tong bao,"LarBe yun。 """,,,377,97
22.1018,Xianfeng,1851-1861,Wen Zong,"Board of Revenue (Boo-chiowan, Peking)",咸些逦窀 Kian Peng tong bao,"Dot above boo。 From this reign onwards, Qs In Lhe other soulh-weslern provinces, variely Of numbers; characlers, and gymbols appear on the reuerses O[ Yunnan coins。 These are probably indicalors Of batches; Or When rather Vhan Where the coins were cast, but the sequerce is by Io means clear",,,377,97
22.1019,Xianfeng,1851-1861,Wen Zong,"Board of Revenue (Boo-chiowan, Peking)",,"Rev: 蓄五十 Dang wushi (Value Fifty)。 [D2559 In the Kianfeng period, Yunnan was spared the effects Of the Taiping rebellion, and 让t appears that the cop Der it could not transport lo other provinces was DUl lo Ils own UsC In August 1853,the Governor-general memorialised thal the provincial capilal and Dongchuan minls had increased the number Ol furnaces and th number O[ mao Of casting: Ningtai factory was able to begin casting 讯 about wO Or three monlhs Ume; Qujing ana Lin 'an prefectures had been given orders and now were speedily making arrangemenls [to begin castingl The nert year 让 WOs reported that each branch mint in Yunnan was extensively casting regulation COIIS Although tlere Was no need jor Yunnanto issue large coins; Vale Tens were cast; hotuever the Valwe Rifties seem only to have been trial casling。 The siluation Was suntmed up retrospectively in a menorialo Nouember 1858 from the Governor general: l October 1853, casting O[ Value Ten large coins commenced. In general army pay, itegrity nourishing allowances; and al miscellaneous payments were made with the equivalent Of regulation coins 皿 large coins。 At frst, large coins were very popular。. later large coins were stored W, and wero used 35 only equivalent t0 One Or two cash. Now large coing are to be collected up, gnd recagt 35 regulation coins。 Reduce the amount Of copper used [or casting regulation coins; and stop casting large Coins",9,,378,98
22.1021,Xianfeng,1851-1861,Wen Zong,"Board of Revenue (Boo-chiowan, Peking)",,Iron 1853-55,,1853-55,379,99
22.1022,Xianfeng,1851-1861,Wen Zong,"Board of Revenue (Boo-chiowan, Peking)",,Rev: Crescent above 1856-61,,1856-61,379,99
22.1023,Xianfeng,1851-1861,Wen Zong,"Board of Revenue (Boo-chiowan, Peking)",,Rev; 正 Zheng above。 1856-61 卫02554 Obv: 咸垂. Kian Feng zhong bao,4,1856-61,379,99
22.1024,Xianfeng,1851-1861,Wen Zong,"Board of Revenue (Boo-chiowan, Peking)",,"Rev: 蓄十 Dang shi (Value Ten)。 1853-58 p02555,81596 15 13 13 13 13",13,1853-58,379,99
22.1026,Xianfeng,1851-1861,Wen Zong,"Board of Revenue (Boo-chiowan, Peking)",,,,,379,99
22.1027,Xianfeng,1851-1861,Wen Zong,"Board of Revenue (Boo-chiowan, Peking)",,Iron Coastal Province types,,,379,99
22.1028,Xianfeng,1851-1861,Wen Zong,"Board of Revenue (Boo-chiowan, Peking)",,"Closed head, one dot tong",,,379,99
22.1029,Xianfeng,1851-1861,Wen Zong,"Board of Revenue (Boo-chiowan, Peking)",,"Protruding head, two dot tong。 1851-53。 1854.58 1855. 卫D2475,81538 15 r 1855-61. 1855.61. 15 15",5,1851-53,379,99
22.1030,Xianfeng,1851-1861,Wen Zong,"Board of Revenue (Boo-chiowan, Peking)",,"Type 1. Square, smallish characters 1854-55。 51593 14",14,1854-55,380,100
22.1031,Xianfeng,1851-1861,Wen Zong,"Board of Revenue (Boo-chiowan, Peking)",,"Type 2. Larger, slghtly oblique characterg 1855.58 P02477 13 Large coins Type 3 Obv: 咸型通/ Kian Feng tong bao",,1855-58,380,100
22.1032,Xianfeng,1851-1861,Wen Zong,"Board of Revenue (Boo-chiowan, Peking)",,Rev: 篱五 Dang UUU (Value Five) above and below。 1855. Pattern only。 Large coins Type 4. Obv: 咸盥重/ Kian Peng Zhong bao.Trial issues。 1855. Rev: 凿 Dang (Value) above; Varioug numbers below,,,380,100
22.1033,Xianfeng,1851-1861,Wen Zong,"Board of Revenue (Boo-chiowan, Peking)",,Rev: Dang ershi (Value Twenty)。 T02479,9,,380,100
22.1034,Xianfeng,1851-1861,Wen Zong,"Board of Revenue (Boo-chiowan, Peking)",,Rev: Dang sanshi (Value Thirty) T02181,1,,380,100
22.1035,Xianfeng,1851-1861,Wen Zong,"Board of Revenue (Boo-chiowan, Peking)",,Rev: Dang sishi (Value 踹 T02483,3,,380,100
22.1036,Xianfeng,1851-1861,Wen Zong,"Board of Revenue (Boo-chiowan, Peking)",,Rev: 五 | Dan UUshi (Value TD2485 Large coins Type 5 Obv: 咸蹩重寰 Kian Peng Zhong bao. Trial issues. 1855. Rev: One number above the hole,5,,380,100
22.1037,Xianfeng,1851-1861,Wen Zong,"Board of Revenue (Boo-chiowan, Peking)",,Rev; 十 Shi (Ten),,,380,100
22.1038,Xianfeng,1851-1861,Wen Zong,"Board of Revenue (Boo-chiowan, Peking)",,Rev: 百 Bai (One hundred) 卫02487,7,,380,100
22.1045,Xianfeng,1851-1861,Wen Zong,"Board of Revenue (Boo-chiowan, Peking)",,,,,381,101
22.1046,Xianfeng,1851-1861,Wen Zong,"Board of Revenue (Boo-chiowan, Peking)",,,,,381,101
22.1047,Xianfeng,1851-1861,Wen Zong,"Board of Revenue (Boo-chiowan, Peking)",,Iron。 尔 Br bao。 1855-59,,1855-59,381,101
22.1048,Xianfeng,1851-1861,Wen Zong,"Board of Revenue (Boo-chiowan, Peking)",,缶 Fou bao。 1855-59,,1855-59,381,101
22.1049,Xianfeng,1851-1861,Wen Zong,"Board of Revenue (Boo-chiowan, Peking)",,Protruding head boo。 1855.59,,1855-59,381,101
22.1050,Xianfeng,1851-1861,Wen Zong,"Board of Revenue (Boo-chiowan, Peking)",,珍 Zhen bao 1855-59. T02478 卫02480 卫02482 ND2484 R2486 卫02488 11 罡,8,1855-59,381,101
22.1051,Xianfeng,1851-1861,Wen Zong,"Board of Revenue (Boo-chiowan, Peking)",,Rev: 凿十 Dang shi (Value Ten)。 PD2451 13,13,,382,102
22.1052,Xianfeng,1851-1861,Wen Zong,"Board of Revenue (Boo-chiowan, Peking)",,Rev: 五十 Dang wushi (Value Fifty)。 卫02452 12 Obv: 咸蹩元贸 Kian Perg VLOIL bq0,2,,382,102
22.1053,Xianfeng,1851-1861,Wen Zong,"Board of Revenue (Boo-chiowan, Peking)",,Rev: 嵩百 Dang bai (Value One Tundred) TD2453 Large Coins iron Obv: 咸蹩重资 Xian Pen Zhong bao。 Rev: Denomination above and below,3,,382,102
22.1054,Xianfeng,1851-1861,Wen Zong,"Board of Revenue (Boo-chiowan, Peking)",,尔 Er bao. Rev: 凿五 Dang wu (Value Five) 1855,,,382,102
22.1055,Xianfeng,1851-1861,Wen Zong,"Board of Revenue (Boo-chiowan, Peking)",,尔 Er bao. Rev: 凿十 Dang shi (Value Ten) 1855-57. 13,13,1855-57,382,102
22.1056,Xianfeng,1851-1861,Wen Zong,"Board of Revenue (Boo-chiowan, Peking)",,"缶 Rou bao。 Rev: 蕾十 Dang shi (Value Ten) 1855.57. 13 In January 1855, Zhili started casting iron coins。 4 trial casting for one year was to deliver the equiualent of 120,000 strings O[ regulation cash to Peking: This work was carried out in a branch mint wilh 10 furnaces that was situated oulside the western suburbs by the Lingyu temple; In May 1857, the eristing 4 copper coin furnaces at the main mint were altered to iron coin furnaces, and anolher one added. Another 10 iron coin furnaces were also added to the branch mint。 The casting Of Value Ten iron coins was stopped in June 1857 Iron coin MInls Were also tO be opened in Tianjin Zhengding; and Daming to cast Value One iron coins; but il seems that only_Zhengding came inlo operation with 10 jurnaces。 In July 1859,让 was reported thal (here were a total of 35 furnaces 讥 Baoding and Zhengding; and that tO dale not less than 1,000,000 strings had been cast, but the people were not using the iron coins, and the 30 [urnaces at Zhengding (presumably this includes the Baoding branch mint furnaces) were to be closed. In November, the Tve furnaces in Bao dig were also closed. Tron V",,1855-57,382,102
22.1096,Xianfeng,1851-1861,Wen Zong,"Board of Revenue (Boo-chiowan, Peking)",,Emperor Wen Zong,,,389,109
22.1122,Xianfeng,1851-1861,Wen Zong,"Board of Revenue (Boo-chiowan, Peking)",咸些逦x Kian Peng tong bao,Rev,,,394,114
22.675,Xianfeng,1851-1861,Wen Zong,"Board of Works (Boo-yuwan, Peking)",咸型(丰)通宵 Kian Feng tong bao,"Six stroke bei, closed head tong。 East branch。 卫02411,51534",1,,335,55
22.676,Xianfeng,1851-1861,Wen Zong,"Board of Works (Boo-yuwan, Peking)",咸型(丰)通宵 Kian Feng tong bao,"-8 I July 1854, the Superintendent Ol the",,,335,55
22.677,Xianfeng,1851-1861,Wen Zong,"Board of Works (Boo-yuwan, Peking)",咸型(丰)通宵 Kian Feng tong bao,"Closed head, one dot tong。 West branch。 盏",,,335,55
22.678,Xianfeng,1851-1861,Wen Zong,"Board of Works (Boo-yuwan, Peking)",咸型(丰)通宵 Kian Feng tong bao,Protruding head boo (sometimes absent)。 North branch。 Type B. Bei rectangular; feet attached to the corner. Nominal weight 1 qian. 1853-57,,1853-57,335,55
22.679,Xianfeng,1851-1861,Wen Zong,"Board of Works (Boo-yuwan, Peking)",咸型(丰)通宵 Kian Feng tong bao,-82 Branch privy marks a9,,,335,55
22.683,Xianfeng,1851-1861,Wen Zong,"Board of Works (Boo-yuwan, Peking)",咸型(丰)通宵 Kian Feng tong bao,-85 Branch privy marks ag,,,335,55
22.742,Xianfeng,1851-1861,Wen Zong,"Board of Works (Boo-yuwan, Peking)",,"Seven stroke bei, closed head tong。 New branch。 Type B. Bei rectangular , feet attached to the corner. Nominal weight 1 qian。 1853-57",,1853-57,341,61
22.743,Xianfeng,1851-1861,Wen Zong,"Board of Works (Boo-yuwan, Peking)",,"Closed head Iong。 New branch 卫02437,51535",7,,341,61
22.744,Xianfeng,1851-1861,Wen Zong,"Board of Works (Boo-yuwan, Peking)",,"Square head, two dot tong。 Old branch",,,341,61
22.745,Xianfeng,1851-1861,Wen Zong,"Board of Works (Boo-yuwan, Peking)",,"Square head, One dot Long。 Auxiliary furnaces。 Zinc coins",,,341,61
22.746,Xianfeng,1851-1861,Wen Zong,"Board of Works (Boo-yuwan, Peking)",,"-8 New, Old and Auxiliary branches as above。 1854.57 Iron coin",,1854-57,341,61
22.750,Xianfeng,1851-1861,Wen Zong,"Board of Works (Boo-yuwan, Peking)",,Six stroke bei。 New branch 卫02439-40,9,,342,62
22.751,Xianfeng,1851-1861,Wen Zong,"Board of Works (Boo-yuwan, Peking)",,"Smaller size """,,,342,62
22.752,Xianfeng,1851-1861,Wen Zong,"Board of Works (Boo-yuwan, Peking)",,Seven stroke bei Old branch,,,342,62
22.753,Xianfeng,1851-1861,Wen Zong,"Board of Works (Boo-yuwan, Peking)",,"Sualler Size。 The Value Pive coin UOS inlroduced in April 1854.It was to weigh 2 qian 2 fen (8.2 Brams actal weighl QS low Qs grams), and ils alloy was to be 6 parts Of copper to parts Of base metal。 Their casting was stopped 讥 September 1857,as they would no longer circulate。 Value Ten Obv: 咸蹩重赓 Kian Peng zhong bao。 Rev: 凿十 Dang shi (Value Ten) above and below Type 工.尔 Er bao. Large size, diameter over 35mm, nominal weight 6 qian, actual weight 18-20 grams. Square characters. June 1853-Feb 1854",,,342,62
22.754,Xianfeng,1851-1861,Wen Zong,"Board of Works (Boo-yuwan, Peking)",,"Seven stroke bei。 Old branch。 RD2442 11 Type MI. 缶 Rou bao. Narrow rims, diameter 31.35mm, nominal weight 4.4 qian, actual weight 12-16 grams. Blegant, flowing characters. March 1854-57",11,1854-57,342,62
22.755,Xianfeng,1851-1861,Wen Zong,"Board of Works (Boo-yuwan, Peking)",,Six stroke bei。 New branch 13,,,342,62
22.756,Xianfeng,1851-1861,Wen Zong,"Board of Works (Boo-yuwan, Peking)",,"Seven stroke bei Old branch。 13 Type M2. 尔 Br bao. Broader rims, diameter around 30mN.1857-61",,1857-61,342,62
22.757,Xianfeng,1851-1861,Wen Zong,"Board of Works (Boo-yuwan, Peking)",,"-8 New and Old branch, as above。 13",13,,342,62
22.758,Xianfeng,1851-1861,Wen Zong,"Board of Works (Boo-yuwan, Peking)",,Emperor Wen Zong,,,342,62
22.759,Xianfeng,1851-1861,Wen Zong,"Board of Works (Boo-yuwan, Peking)",,"Seven stroke bei。 Old branch T02444 11 Type M. 缶 Rou bao. Smaller size; diameter around 47mm, nominal weight liang 2 qian actual weight around 35 Brans。 Elegant; towing characters. April 1854-July 185",4,,343,63
22.760,Xianfeng,1851-1861,Wen Zong,"Board of Works (Boo-yuwan, Peking)",,"-1 New and Old branches, as above; 卫02443 12 Value One Hunared。 Obv: 咸型元宵 Kan Feng ytan bao。 Rev: 觜百 Dang bai (Value One Hundred) above and below。 Type M. Nominal weight 1 liang 4 qian, actual weight around 45 grams. 缶 Fou bao。 March 1854-July 1855",3,,343,63
22.761,Xianfeng,1851-1861,Wen Zong,"Board of Works (Boo-yuwan, Peking)",,| New,,,343,63
22.762,Xianfeng,1851-1861,Wen Zong,"Board of Works (Boo-yuwan, Peking)",,-3 New and Old branches as above。 卫02445,5,,343,63
22.763,Xianfeng,1851-1861,Wen Zong,"Board of Works (Boo-yuwan, Peking)",,百 New,,,343,63
22.764,Xianfeng,1851-1861,Wen Zong,"Board of Works (Boo-yuwan, Peking)",,Six stroke bei。 New branch [02446,,,344,64
22.765,Xianfeng,1851-1861,Wen Zong,"Board of Works (Boo-yuwan, Peking)",,Seven stroke bei。 Old branch。 Value One Thousand。 Obv: 咸塑元* Kian Peng Juan bao. 缶 Rou bao Rev: 富千 Dang qian (Value One Thousand) above and below。 Nominal weight 2 liang actual weight around 75 grams. March 1854-Au8 1854,,,344,64
22.766,Xianfeng,1851-1861,Wen Zong,"Board of Works (Boo-yuwan, Peking)",,Si stroke ber。 New branch R02447,,,344,64
22.767,Xianfeng,1851-1861,Wen Zong,"Board of Works (Boo-yuwan, Peking)",,Seven stroke bei。 Old branch,,,344,64
22.1123,Xianfeng,1851-1861,Wen Zong,"Board of Works (Boo-yuwan, Peking)",咸些逦x Kian Peng tong bao,Rev,,,394,114
22.1057,Xianfeng,1851-1861,Wen Zong,"Chengde, Zhili",,One dot tong. Brass 1854,,,383,103
22.1058,Xianfeng,1851-1861,Wen Zong,"Chengde, Zhili",,Iron 1855 Obv: 咸些重饔 Xian Feng zhong bao。 Rev: Boo de left and right. Denomination above and below,,,383,103
22.1059,Xianfeng,1851-1861,Wen Zong,"Chengde, Zhili",,尔 Br bao。 Rev: 凿五 Dang Wu (Value Pive). Iron。 1855. RD2531,1,,383,103
22.1060,Xianfeng,1851-1861,Wen Zong,"Chengde, Zhili",,缶 Fou bao. Rev: 十 Dang shi (Value Ten) Brass。 1854-55 p02532 器,,1854-55,383,103
22.1061,Xianfeng,1851-1861,Wen Zong,"Chengde, Zhili",,Iron。 1855,,,383,103
22.1062,Xianfeng,1851-1861,Wen Zong,"Chengde, Zhili",,Rev: 富五十 Dang wushi (Value Fifty)。 1854-55。 卫02533 10 Obv: 咸蹩元/ Xian Feng Vuan bao,3,1854-55,383,103
22.1063,Xianfeng,1851-1861,Wen Zong,"Chengde, Zhili",,"Rev: 蓄百 Dang bai (Value One Hundred) 1854-55。 卫02534 Chengde UUOS Glso Rnown Os Jehol (热河 Rehe)。 In July 1854,the Military Gouernor OI Jehol, Yu Shi; annolnced that he was collecting UP copper and requested permission to sel UP 4 minl。 TTere were two large furnaces for casting copper, and one small one; In May 1855, Yu Shi memorialised thal Jelol was shorl o copper, and had started casting iron coins. In September, casting was halted",4,1854-55,383,103
22.1064,Xianfeng,1851-1861,Wen Zong,"Chengde, Zhili",咸:通贫 Jian Feng tOng bao,Square head tong。 Iron。 1854. Obv: 咸掣重寰 Xian Feng 2hong bao。 Rev: Denomination above and below,,,384,104
22.1065,Xianfeng,1851-1861,Wen Zong,"Chengde, Zhili",咸:通贫 Jian Feng tOng bao,Rev; 五 Dang wu (Value Pive). Iron。 1854-55,,1854-55,384,104
22.1066,Xianfeng,1851-1861,Wen Zong,"Chengde, Zhili",咸:通贫 Jian Feng tOng bao,"Rev: 凿十 Dang shi (Value Ten). Brass, large SIZC。 1854. R02455",,,384,104
22.1067,Xianfeng,1851-1861,Wen Zong,"Chengde, Zhili",咸:通贫 Jian Feng tOng bao,Iron。 1854.55,,1854-55,384,104
22.1068,Xianfeng,1851-1861,Wen Zong,"Chengde, Zhili",咸:通贫 Jian Feng tOng bao,"Brass, small size 1854-55. 卫02454",4,1854-55,384,104
22.1069,Xianfeng,1851-1861,Wen Zong,"Chengde, Zhili",咸:通贫 Jian Feng tOng bao,Rev: 鲎五十 Dang wushi (Value #ty) 1854 R02456 9 Obv: 咸<元餐 Kian Peng yuan bao,,,384,104
22.1070,Xianfeng,1851-1861,Wen Zong,"Chengde, Zhili",咸:通贫 Jian Feng tOng bao,"Rev: 百 Dang bai (Value One Hundred)。 1854 TD2457 In September 1854, Brigadier-Beneral Qing reported that a trial casting of large coins had been carried oul a minl at the Ma Lan garrison (ow Zunhua in the Ma Lan valley).By November, Valwe Fve and Value Ten iron coins had been added to the castig; Al lhe end O1 December; ihe weight O[ the copper Value Ten WUOS reduced to 3 qian 5 fen [13 grans]. Tn Rebruary 1855, the Brigaciier-general reported tat the weighis had been reduced, and the fling O「 the coins was not being carried out s0 that when distributed, the mers Chanls Uere Tol willing to use them and the soldiers would not accept them their pay。 At presenl; there Was To copper or iron, and as a resull casting had stopped",7,,384,104
22.1078,Xianfeng,1851-1861,Wen Zong,"Chengde, Zhili",咸:通贫 Jian Feng tOng bao,Emperor Wen Zong,,,385,105
22.960,Xianfeng,1851-1861,Wen Zong,"Chengdu, Sichuan",,The,,,374,94
22.978,Xianfeng,1851-1861,Wen Zong,"Chengdu, Sichuan",,"Rev: 凿十 Dang shi (Value Ten)。 卫D2550,81597 13 Large COIs Type 2. Obv: 咸蹩重C Kian Reng zhong bao. Small chuwan。 Denomination above and below. 1854-55",0,1854-55,375,95
22.979,Xianfeng,1851-1861,Wen Zong,"Chengdu, Sichuan",,Rev: 凿十 Dang shi (Value Ten) 13,13,,375,95
22.980,Xianfeng,1851-1861,Wen Zong,"Chengdu, Sichuan",,Rev: 五十 Dang Wushi (Value Fifty)。 卫D2531 12 Obv: 咸骘元贸 Kian Peng yuan bao,12,,375,95
22.981,Xianfeng,1851-1861,Wen Zong,"Chengdu, Sichuan",,Rev: 凿百 Dang bai (alue One Hundred)。 卫D2532 12 Taiwan; Rev: Boo tai left and right,12,,375,95
22.982,Xianfeng,1851-1861,Wen Zong,"Chengdu, Sichuan",,Obv: 咸w通z Kian Rerg tong bao. 185354。 卫02530 10,0,,375,95
22.987,Xianfeng,1851-1861,Wen Zong,"Chengdu, Sichuan",,,,,376,96
22.988,Xianfeng,1851-1861,Wen Zong,"Chengdu, Sichuan",,,,,376,96
22.997,Xianfeng,1851-1861,Wen Zong,"Chengdu, Sichuan",,,,,376,96
22.998,Xianfeng,1851-1861,Wen Zong,"Chengdu, Sichuan",,,,,376,96
22.827,Xianfeng,1851-1861,Wen Zong,"Dading, Guizhou",,The,,,355,75
22.1103,Xianfeng,1851-1861,Wen Zong,"Dihua, Xinjiang",,Small size。 1855-57. 下02563 13,13,1855-57,391,111
22.1104,Xianfeng,1851-1861,Wen Zong,"Dihua, Xinjiang",,"Large gize, large ba。 1857. 13 Rev: 凿十 Dang shi (Value Ten) above and below Small coins; diameter around 25mm",,,391,111
22.1105,Xianfeng,1851-1861,Wen Zong,"Dihua, Xinjiang",,1855-57。 13 Large coins; diameter around 35皿皿,,1855-57,391,111
22.1106,Xianfeng,1851-1861,Wen Zong,"Dihua, Xinjiang",,尔 Br bao。 1857-61,,1857-61,391,111
22.1107,Xianfeng,1851-1861,Wen Zong,"Dihua, Xinjiang",,缶 Pou bao。 1857-61. 卫02564 Obv: 咸型元* Kian Feng Juan bao. Rev: 凿八十 Dang bashi (Value Eighty) above and below,4,1857-61,391,111
22.1108,Xianfeng,1851-1861,Wen Zong,"Dihua, Xinjiang",,"1855。 Allthe above are found in red copper and brass, and the smaller coins occastonally in iron。 In Janwary 1855,a local official Geng Fu, memorialised; In {the Dihual region, 800 coins make one lang O silver, and 8 coins make one fen。 Because it agrees Wth local regulations, [i is proposed tOJ cast Valwe Eight lrgepiember, Geng Ru had produced some regulations: Re casting Of Value Eighl and Value Ten large cois. Dach year, 3,200 strings 0 Value Eight coins can_be cast, the equivalent Of 12,800 Lang Ofsilver。 Tle Value Light weighs qian 6 fen [6,.0 grams] , the Value Ten 2 qian [7.5 grams] In March 1857,i was decided to increase the weighl O[ Ue Value Eight and the Value Ten coin, but in the same year the casting Of the Value Eight was stopped. In April 1861, casting Of large coins ceased , and; judg- ing by the comparative rarity Of the increased weight Value Ten coins, had been ata low level previously",,,391,111
22.1111,Xianfeng,1851-1861,Wen Zong,"Dihua, Xinjiang",,"咸 臂 重 度2 织 具醺 富 富 , 多",,,392,112
22.1114,Xianfeng,1851-1861,Wen Zong,"Dihua, Xinjiang",,Emperor Wen Zong,,,392,112
22.1020,Xianfeng,1851-1861,Wen Zong,"Dongchuan, Yunnan",,Approx. the,,,379,99
22.770,Xianfeng,1851-1861,Wen Zong,"Fuzhou, Fujian",,Rev: Large f,,,345,65
22.771,Xianfeng,1851-1861,Wen Zong,"Fuzhou, Fujian",,Rev: Rounded f,,,345,65
22.772,Xianfeng,1851-1861,Wen Zong,"Fuzhou, Fujian",,Rev: Small fu,,,345,65
22.773,Xianfeng,1851-1861,Wen Zong,"Fuzhou, Fujian",,Rev: Open f。 Iron coins。1855-59,,1855-59,345,65
22.774,Xianfeng,1851-1861,Wen Zong,"Fuzhou, Fujian",,Rev: Narrow 加,,,345,65
22.775,Xianfeng,1851-1861,Wen Zong,"Fuzhou, Fujian",,Rev: Rounded 加,,,345,65
22.776,Xianfeng,1851-1861,Wen Zong,"Fuzhou, Fujian",,"Rev: Open fu。 卫02508,51549 : 51552 瓷",8,,345,65
22.777,Xianfeng,1851-1861,Wen Zong,"Fuzhou, Fujian",,Rev: Numbers above and below Rev: P shi (Tventy [cash]) 卫D2518,8,,346,66
22.778,Xianfeng,1851-1861,Wen Zong,"Fuzhou, Fujian",,Rev: 五十 Il shi (Fifty [cash]) 卫02527 RD2522,2,,346,66
22.779,Xianfeng,1851-1861,Wen Zong,"Fuzhou, Fujian",,Rev: 百 Yi bai (One hundred [cashj)。 Note the 上 chopnork at the bottom; such chopmarks (merchanl 's validating stamps uswally found On siluer coins) are a feature Ol Fujian large coins,,,346,66
22.780,Xianfeng,1851-1861,Wen Zong,"Fuzhou, Fujian",,Rev: 一十 Yi shi (Ten [cash])。 下02510,,,347,67
22.781,Xianfeng,1851-1861,Wen Zong,"Fuzhou, Fujian",,Rev: 二十 F shi (Twenty [ash]) 下D2517 10,10,,347,67
22.782,Xianfeng,1851-1861,Wen Zong,"Fuzhou, Fujian",,"Rev: 五十 IVu shi (Fifty [cashj。 TD2523 22.,783 Loopg Of fu closed 22.,784 Rev: 一百 Yibai (One hundred [cashj). 下02526 5",22,,347,67
22.783,Xianfeng,1851-1861,Wen Zong,"Fuzhou, Fujian",,咸 赛口逾 粤09 百,,,347,67
22.784,Xianfeng,1851-1861,Wen Zong,"Fuzhou, Fujian",,Emperor Wen Zong,,,347,67
22.785,Xianfeng,1851-1861,Wen Zong,"Fuzhou, Fujian",,Rev: 十 Y shi (Ten [cashj)。 Field: 前重五巍 Jzhong wu qian (Calculated weight 5 qian) pD2515,5,,348,68
22.786,Xianfeng,1851-1861,Wen Zong,"Fuzhou, Fujian",,Rev 十 Br shi (Twenty [cashj) Field: '重一雨J Zhong JL liang (Calculated weight 1 liang)。 卫D2521,1,,348,68
22.787,Xianfeng,1851-1861,Wen Zong,"Fuzhou, Fujian",,Rev: 五十 Wu shi (Fifty [cash])。 Pield: 雨五畿B lian UU qian (2 liang 5 qian) 卫02524,4,,348,68
22.788,Xianfeng,1851-1861,Wen Zong,"Fuzhou, Fujian",,Rev; 一百 Yi bai (One Hundred [casn])。 Rield: 前重五雨 尤 zhong wU liang (Calculated weight 5 liang)。 Large coins Type 4. Obv: 咸掣重赛 Jian Feng Zhong bao. 1853-55。 Rev: Denomination above.Characters for weight below,,1853-55,348,68
22.789,Xianfeng,1851-1861,Wen Zong,"Fuzhou, Fujian",,Rev: Above: 五文 Wu wen (Pive cash)。 Below: 畿八分 San qian ba fen (3 qian 8 fen),,,348,68
22.790,Xianfeng,1851-1861,Wen Zong,"Fuzhou, Fujian",,Rev Above: 文 Dang yishi wen (Equivalent to 10 cash)。 Below: 匕畿五分 Qi qian wu fen。 qian 5 fen),,,348,68
22.791,Xianfeng,1851-1861,Wen Zong,"Fuzhou, Fujian",,Rev: Above: 十文 er shi wen (Eguivalent to twenty cash)。 Below; 雨五分 ' 珩 UUU fen (1 lang 5 fen)。 Auhenticity Ofthis type doubtfl. No records recaresstahaglen weighls are higher than the Offcially pr。 scribed weights。4 reduced weight Upe would be,,,348,68
22.792,Xianfeng,1851-1861,Wen Zong,"Fuzhou, Fujian",,Rev: 凿五 Dang UUU (Value fve [cashj) Rim: 鼗五分 Pr qian wll fen (2 qian 5 fen) p02509,,,349,69
22.793,Xianfeng,1851-1861,Wen Zong,"Fuzhou, Fujian",,Rev: 十 Yishi (Ten [casb])。 Rim: 五畿前重 Wu qian ji zhong (5 qian calculated weight)。 卫02514 11,4,,349,69
22.794,Xianfeng,1851-1861,Wen Zong,"Fuzhou, Fujian",,Rev 士 Eshi (Twenty [cashbj) Rim; 雨'重 Ki liang 尤 tcaonC (1 lian calculated weight) [02520 11,11,,349,69
22.795,Xianfeng,1851-1861,Wen Zong,"Fuzhou, Fujian",,Rev 五十 W shi (Ffy 51591 Rim: 二雨五I Br lang UJU (2 liang 5 qian)。 卫02525,5,,349,69
22.796,Xianfeng,1851-1861,Wen Zong,"Fuzhou, Fujian",,Rev: 一百 Yi bai (One Iaed [easaie Rim: 五雨削重 Wu liang ji zhong (5 liang calculated weight) 下2529 Onl found as a pattern,,,349,69
22.797,Xianfeng,1851-1861,Wen Zong,"Fuzhou, Fujian",,Rev; 十 Yishi (Ten [cash]). T02513 13,3,,350,70
22.798,Xianfeng,1851-1861,Wen Zong,"Fuzhou, Fujian",,Rev; 十 Br shi (Twenty [cash]) 卫02519 15,9,,350,70
22.799,Xianfeng,1851-1861,Wen Zong,"Fuzhou, Fujian",,Rev: 五十 Wu shi (Pfty [ash])。 FD2523,3,,350,70
22.800,Xianfeng,1851-1861,Wen Zong,"Fuzhou, Fujian",,"Rev: 一百 Yi bai (One hundred [ash]) FD2528 JULY 1853.THD GOVERNOR GENERUL OF RUJIAN AND ZHEJLANG, WANG YTDE NPMORIALISCS ABOUT THE CASTIG OF LARGE COINS BY FUJLAV PROVINCE。 工 venture to inform you about Mi (Fujlan) province; Bao Fu mint casting regulation coins。 Previously, they were used to augment the issue Of army pay, and circulated dispersed rsedporan the people Aflerwards because Silver was expensive and COIIS cheap, I 1823 the mint MaS Closed hut Lhis bv T0 means avoided the need to issue pay tor the army In 1850, the Board memorialised authorising the cast- ! of Xanfeng jyuan IC CoIIs but IL WAs not actualy arranged to open the furnaces for casting。 Because the casting O[ nao stopped some 20 years aBO, the workmen are g scattered Wke stars, and the furnaces tools for the most part al1 spoiled OT damaged 50 IOW have instructed part of the mint to be repaired and 33 SOOT 95 the furnace quota has been achieved; will Wrst cast jyuan coin samples tO de。 Iver to tbe Board. Because, remember; lately tbe price Of silver is much higher than 迎 the early years O[ Daoguang; Saiaalennte jtended to look into the circumstances, Cagt One OTtwo mao; Lhen Tequest permis: SIOn to StOp。 because the copper and zinc which the mint had stored up for many years past was decidedly corroded and rotten; rather than keep it in Store and waste i we cannot do better than use 1 LO Casl COIs This statesman has directed the Provincial Treasurer again and aBain to make suitable arrangements. As there 91C only established regwlations to copy, he has acted as the circumstances require。 At She mint he has added two furnaces which wllcast Value Ten Value Twenty; Value Fifty and a Value One Hun。 dred; belng each sort of large cow. In the originally egtablished turnaces wll be cast coins {or dally use, the Lwo to be used together。 At the Samle Uime; the people wll be allowed to hand over copper at the mint to exchange for coins; by Ieans Ofwhich one may continually carry 0ut casting; Also It has been decded that the Value Ten cois wil weigh 5 qian each, the Value Twenty hvice that Che Value Fifty and the Value One Hundred increased proportionally. The appearance O[ the coins will be just 35 the old pattern bul Increased II 51ze 皿 my humble opinion;i appears Lhat i the days of the ancient cash; u Mang see D。87] there were Value One Hundred, Value One Thousand, and also Value Five, Ten and Pify OIeS without doubt nothing but what was suitable for the circumstances; because the parts and the whole were mutualy 皿 balance, this was also convenient for the use Of the people。 myself should memorialise asking [or istructions Grom the 'Throne, and then deliberate further",8,,350,70
22.801,Xianfeng,1851-1861,Wen Zong,"Gongchang, Gansu",,Brass. Nominal weight 8 en 1857.61,,1857-61,351,71
22.802,Xianfeng,1851-1861,Wen Zong,"Gongchang, Gansu",,Iron。 1854.55. Large coins Type 1. Obv: 咸蹩重赛 Xian Feng 2hong bao. 尔 Er bao。 Rev: Denomination above and below,,1854-55,351,71
22.803,Xianfeng,1851-1861,Wen Zong,"Gongchang, Gansu",,Rev: 簋五 Dang wu (Value Five). Curved gung 1854-61,,1854-61,351,71
22.804,Xianfeng,1851-1861,Wen Zong,"Gongchang, Gansu",,Straight gung,,,351,71
22.805,Xianfeng,1851-1861,Wen Zong,"Gongchang, Gansu",,Rev: 富十 Dang shi (Value Ten) 1854.57,,1854-57,351,71
22.806,Xianfeng,1851-1861,Wen Zong,"Gongchang, Gansu",,Smaller coin,,,351,71
22.807,Xianfeng,1851-1861,Wen Zong,"Gongchang, Gansu",,Rev: 富五十 Darg wushi (alue Ffty). Curved gung。 1854-57,,1854-57,351,71
22.808,Xianfeng,1851-1861,Wen Zong,"Gongchang, Gansu",,Straight gung. 1854-57。 卫2536~ 14 10 卫02537 13 3 13 10 10 卫02541 卫02538,8,1854-57,351,71
22.809,Xianfeng,1851-1861,Wen Zong,"Gongchang, Gansu",,Rev; 凿百 Dang bai (Value One Hundred). Curved gung 1854-57. 卫02540,0,1854-57,352,72
22.810,Xianfeng,1851-1861,Wen Zong,"Gongchang, Gansu",,Straight gung 1854-57,,1854-57,352,72
22.811,Xianfeng,1851-1861,Wen Zong,"Gongchang, Gansu",,Rev: 凿五百 Dang wubai (Value Five Iundred) 1854 卫02542,2,,352,72
22.812,Xianfeng,1851-1861,Wen Zong,"Gongchang, Gansu",,"Rev: 管千 Dang qian (Value One Thousand) 1854 102543 Large coins Type 2. Obv: 咸<垂* Kian Feng Zhong bao. 缶 Fou bao, Regular script Rev: Denomination above and below",,,352,72
22.813,Xianfeng,1851-1861,Wen Zong,"Gongchang, Gansu",,Rev 五 Dang WU (Value Five)。 1851-61,,1851-61,352,72
22.814,Xianfeng,1851-1861,Wen Zong,"Gongchang, Gansu",,Rev: 富 | Dang shi (Value Ten)。 Curved gung。 1854.61,,1854-61,352,72
22.815,Xianfeng,1851-1861,Wen Zong,"Gongchang, Gansu",,Straight gung 1854-61. 4 翌,,1854-61,352,72
22.816,Xianfeng,1851-1861,Wen Zong,"Gongchang, Gansu",,Rev: 凿五 Dang LUU (alue Rive) 1854-61 卫02560,0,1854-61,353,73
22.817,Xianfeng,1851-1861,Wen Zong,"Gongchang, Gansu",,Rev: 鲎十 Dang ghi (Value Ten)。 1854.61 PD2561 LarBe coins Type 4. Obv: 咸盟重夤 Kian Reng Zhong bao. 尔 Er bao。 Rev; G written with straight lines. Denomination above and below,1,1854-61,353,73
22.818,Xianfeng,1851-1861,Wen Zong,"Gongchang, Gansu",,Rev: 富五 Dang TII (Value Pive)。 1854-61. 22819 Rev: 嵩十 Dang shi (Value Ten)。 Only Rnown as a pallern。 Large coins Type 5.Obv: 咸矍重/ Kian Reng zhong bao. 尔 Er bao。 Rev; G written with curved Ines. Denomination above and below,,1854-61,353,73
22.819,Xianfeng,1851-1861,Wen Zong,"Gongchang, Gansu",,,,,353,73
22.820,Xianfeng,1851-1861,Wen Zong,"Gongchang, Gansu",,Rev: 富五 Dang LUU (Value Rive)。 1854-61,,1854-61,353,73
22.821,Xianfeng,1851-1861,Wen Zong,"Gongchang, Gansu",,"Rev: 蓄十 Dang shi (Value 'Ten)。 1854-61. 卫D2562 Zhaoqing;, Guangdong; Rev: Boo guwang left and right",2,1854-61,353,73
22.822,Xianfeng,1851-1861,Wen Zong,"Gongchang, Gansu",,"Obv: 咸蹩通窦 Kian Reng tong bao 1854.58 卫02536,51542 10 10 15",6,1854-58,353,73
22.823,Xianfeng,1851-1861,Wen Zong,"Guilin, Guangxi",,Approwimately the,,,354,74
22.1025,Xianfeng,1851-1861,Wen Zong,"Hangzhou, Zhejiang",,The,,,379,99
22.1039,Xianfeng,1851-1861,Wen Zong,"Hangzhou, Zhejiang",,Rev: 凿十 Dang shi (Value Ten),,,381,101
22.1040,Xianfeng,1851-1861,Wen Zong,"Hangzhou, Zhejiang",,Rev: 凿二十 Dang ershi (Value Twenty),,,381,101
22.1041,Xianfeng,1851-1861,Wen Zong,"Hangzhou, Zhejiang",,Rev: 凿三十 Dang sanshi (Value Thirty),,,381,101
22.1042,Xianfeng,1851-1861,Wen Zong,"Hangzhou, Zhejiang",,Rev: 鲎四十 Dang sishi (Value Forty),,,381,101
22.1043,Xianfeng,1851-1861,Wen Zong,"Hangzhou, Zhejiang",,Rev 五十 Dang wtshi (Value Fifty),,,381,101
22.1044,Xianfeng,1851-1861,Wen Zong,"Hangzhou, Zhejiang",,"Rev: 富百 Dang bai (Value One Hundred) Baoding and others, Zhili. Rev; Boo jyi left and right Obv: 咸罡通筇 Jian Peng tong bao",,,381,101
22.1085,Xianfeng,1851-1861,Wen Zong,"Ili, Xinjiang",,Brasslcopper。 1855.61。 卫02458 10,8,1855-61,387,107
22.1086,Xianfeng,1851-1861,Wen Zong,"Ili, Xinjiang",,"Iron 1855. In June 1855,让 Was decided to stop casting all large coins, and introduce Value Rour coins in copper and iron, The logic behindl the Value Rour denomination is: 00 pul liang ofsilver = 1,000 regulation cash。 pul 10 regulation cash。 Rev; 凿十 Dang shi (Value Ten) above and below",,,387,107
22.1087,Xianfeng,1851-1861,Wen Zong,"Ili, Xinjiang",,"Brasslcopper。 1853.55。 R2459 10 22.,1088 Iron。 1855, Rev: 嵩五十 Dang wushi (alue Fifty ) above and below 1854-55",,1853-55,387,107
22.1089,Xianfeng,1851-1861,Wen Zong,"Ili, Xinjiang",,Large characters。 02460 10,10,,387,107
22.1090,Xianfeng,1851-1861,Wen Zong,"Ili, Xinjiang",,Small characterg 10,,,387,107
22.1091,Xianfeng,1851-1861,Wen Zong,"Ili, Xinjiang",,Large characters。 卫02461,1,,388,108
22.1092,Xianfeng,1851-1861,Wen Zong,"Ili, Xinjiang",,Small characters and size 22.10924 Rev: 凿五百 Dang wubai (Value Five Iundred) above and below. 1854-55. At the end Of 1853,,1854-55,388,108
22.741,Xianfeng,1851-1861,Wen Zong,Iron Coin Mint (Peking),,"Zhen bao, seven gtroke bei。 1855.59 Attributable to the Pingding; Shanri branch mint.See 23.734。 11 11 The",,1855-59,341,61
22.1093,Xianfeng,1851-1861,Wen Zong,"Kashgar, Xinjiang",,Rev; 凿十 Dang Shi (Value Ten) 1855.59。 14 Obv: 咸塑重/ Kian Peng 2hong bao,,1855-59,389,109
22.1094,Xianfeng,1851-1861,Wen Zong,"Kashgar, Xinjiang",,Rev: 嵩五十 Dang wushi (Value Fifty) 1855-59。 卫02565 Obv: 咸些元* Xian Reng yuan bao 1855-59,5,1855-59,389,109
22.1095,Xianfeng,1851-1861,Wen Zong,"Kashgar, Xinjiang",,Rev: :百 Dang bai (alue One Iundred). Short Kashigar。 卫D02566,6,,389,109
22.1098,Xianfeng,1851-1861,Wen Zong,"Kashgar, Xinjiang",,,,,390,110
22.1097,Xianfeng,1851-1861,Wen Zong,"Kucha, Xinjiang",,-8 Rev; 蕾五 Dang WU (Value Five),,,390,110
22.1099,Xianfeng,1851-1861,Wen Zong,"Kucha, Xinjiang",,1853.61 Rev: 十 Dang shi (Value Ten). 1853-61. Obv: 咸些重赛 Kian Feng 2hong bao,,1853-61,390,110
22.1100,Xianfeng,1851-1861,Wen Zong,"Kucha, Xinjiang",,Rev: 蓄五十 Dang wushi (Value Fifty). 1853-56。 Obv: 咸蹩元穿 Kian Peng JLOIL Uqo 1853.56,,1853-56,390,110
22.1101,Xianfeng,1851-1861,Wen Zong,"Kucha, Xinjiang",,Rev: 富百 Dang bai (Value One Hundred)。 Large,,,390,110
22.1102,Xianfeng,1851-1861,Wen Zong,"Kucha, Xinjiang",,Kuchelsuqa Small Kuchelqiqa。 器2530 14 卫D2581 6,6,,390,110
22.863,Xianfeng,1851-1861,Wen Zong,"Wuchang, Hubei",,Rev: 凿十 Dang shi (Value Ten),,,359,79
22.864,Xianfeng,1851-1861,Wen Zong,"Wuchang, Hubei",,Rev 五十 Dang Wushi (Value Fifty) 翌 Obv: 咸型元穿 Kian Feng yuan bao,,,359,79
22.865,Xianfeng,1851-1861,Wen Zong,"Wuchang, Hubei",,"Rev: 鲎百 Dang bai (Value One Hundred) 11 Large coins Type 4. Obv: 咸<重z Kian Peng zhong bao. Six stroke bei. Large, bold characters。 Rev: Denominahon above and below。 1854-56",,1854-56,359,79
22.866,Xianfeng,1851-1861,Wen Zong,"Wuchang, Hubei",,Rev: 嵩十 Dang shi (Value Ten),,,359,79
22.867,Xianfeng,1851-1861,Wen Zong,"Wuchang, Hubei",,Rev: 五十 Dang wushi (Value Pifty) 罡 Obv: 咸蹩元t Xian Peng Juan bao,,,359,79
22.868,Xianfeng,1851-1861,Wen Zong,"Wuchang, Hubei",,"Rev: 凿百 Dang bai (Value One Hundred) 11 Large coins Type 5. Obv: 咸蹩重d Kian Peng zhong bao. 缶 Rou bao, six stroke bei. Coarse。 Rev: Head o[u divided. Denomination above and below。 1854-56",,1854-56,359,79
22.869,Xianfeng,1851-1861,Wen Zong,"Wuchang, Hubei",,"Rev: 五 Dang WU (Value Five) 22.,870 Rev: 十 Dang shi (Value Ten)。 昱",,,359,79
22.871,Xianfeng,1851-1861,Wen Zong,"Wuchang, Hubei",,Rev: 五十 Dang wushi (Value Fifty)。 Obv: 咸蹩元赛 Kian Feng yuan bao,,,359,79
22.872,Xianfeng,1851-1861,Wen Zong,"Wuchang, Hubei",,Rev: 鲎百 Dang bai (Value One Hundred),,,359,79
22.873,Xianfeng,1851-1861,Wen Zong,"Wuchang, Hubei",咸蹩通宵 Kian Feng tong bao,"Square head tong。 1854-58 卫02535,51543 14",5,1854-58,360,80
22.874,Xianfeng,1851-1861,Wen Zong,"Wuchang, Hubei",咸蹩通宵 Kian Feng tong bao,Closed head tong。 1854? 14,,,360,80
22.875,Xianfeng,1851-1861,Wen Zong,"Wuchang, Hubei",咸蹩通宵 Kian Feng tong bao,"Obv: 咸型重氨 Xian Peng 2horg bao. Rev: 凿十 Dang shi (Value Ten). 1854. Pattern only。 Jiangsu Province mints。 During the Xianfeng period, Jangsu province was particularly affected by the Taiping rebellion I 1853, the rebels set up their capital in Nanking; and the mint could no longer obtain Yunnan copper, but managed to keep casting as i was stll able to procure copper from Japan. In August 1854, the Governor general reported that casting of Value Ten, Value Fifty and Value One Run dred large coins had already reached the levelof 6 mao, and was the equivalent of 20,000 strings Of regulation coins. But in December, the equivalent was reported as being only 10,000 strings。 In March 1854,让 was reported that 8 mint branch had been set u i Qingjiang (then known as Zhun'an) Which soon began casting Value Ten (welght 6 qian, then 4 qian 4 fei) , Value Pfty and Value One Hundred coins。 The Register of Large Cash says that there was a 筹防 Chowfang ""Emergency Preparations' mint, and a 筹济 Chouji Relief Preparations"" mint, as well a8 mints at 准安 Zhun'an and 敦倩 Dunxn。 In April 1855, Governor-general Yang reported that their resourceg were not sufficient for casting many Value Tens; and following tbe example Of Peking; they were Boing to cast iron regulation coins; and perhaps 边 addition Value Ten and Value Fity large。 coins。 Already Special Commissioner '98 buying Up iron and Wring workmen to Bo to Qingjiang to make trial casting at once. In July; Value Twenty (weight 6 qian) and Value Thirty (weight 8 qian) coins were added to the casting. However, by September, large COIS, 28 elsewhere, had fallen out of favour; and the branch mint(s?) stopped casting them。 Thege troubled circumstanceg Prod luced wide range of coin varieties Attribution o[ varieties to the various mints is possible, but highly speculative. Six main coin types can be distinguished。 1.尔- bao seven stroke bei normal SU The s- of sU lke > 2.尔 Fr bao seven stroke bei 乙sU。 The s- 0f sU like 3.尔 Br bao Six stroke bei normal SU 4。缶 Rou bao Sis stroke bei normal sU 5。缶 Pou bao Seven stroke ber normal SU 6.缶 Rou bao seven stroke bei ZsU。 Within these types; differences in the writing Of bao form one basis Of sub-classifcation. Another is the writing Of the 咸 zian, which can be fund with a curved or a hooked left-hand stroke 皿 the 厂 component",,,360,80
22.876,Xianfeng,1851-1861,Wen Zong,"Wuchang, Hubei",咸鬯通寰 Kian Reng tong bao,"尔 Br bao, the",,,361,81
22.880,Xianfeng,1851-1861,Wen Zong,"Wuchang, Hubei",咸蹩通宵 Kian Feng tong bao,Iron,,,361,81
22.881,Xianfeng,1851-1861,Wen Zong,"Wuchang, Hubei",咸蹩通宵 Kian Feng tong bao,蓖 禺,,,361,81
22.943,Xianfeng,1851-1861,Wen Zong,"Xi'an, Shaanxi",,Two dot tong,,,370,90
22.951,Xianfeng,1851-1861,Wen Zong,"Xi'an, Shaanxi",,Rev: 富五百 Dang Wubai (Value Five Hundred),,,372,92
22.952,Xianfeng,1851-1861,Wen Zong,"Xi'an, Shaanxi",,官 guan (offcial) on the rim at the,,,372,92
22.953,Xianfeng,1851-1861,Wen Zong,"Xi'an, Shaanxi",,Rev: 富千 Dang qian (Value One Thousand) top TD2501,1,,372,92
22.954,Xianfeng,1851-1861,Wen Zong,"Xi'an, Shaanxi",,官 guan (official) on the rim at the bottom T02503,3,,372,92
22.955,Xianfeng,1851-1861,Wen Zong,"Xi'an, Shaanxi",,尔 Er bao。 卫02498,8,,373,93
22.956,Xianfeng,1851-1861,Wen Zong,"Xi'an, Shaanxi",,"缶 Rou bao。 Large coins Type 4. Obv: 咸w重贫 Kian Feng Zhong bao。 Larger gize. Seven stroke bei。 Rev: Denomination above and below, 1854-55",,1854-55,373,93
22.957,Xianfeng,1851-1861,Wen Zong,"Xi'an, Shaanxi",,Rev: 凿十 Dang Shi (Value Ten)。 Pallerns only,,,373,93
22.958,Xianfeng,1851-1861,Wen Zong,"Xi'an, Shaanxi",,Rev; 五十 Dag Wushi (Value Fifty) Diam。 50 mm_ 卫D2499 11 Obv: 咸骘元赛 Kian Rerg yuan bao,11,,373,93
22.959,Xianfeng,1851-1861,Wen Zong,"Xi'an, Shaanxi",,"Rev: 嵩百 Dang bai (Value One Hundred). Diam GOmI。 FD2500 11 In June 1854, the Provincial Governor Wang Qinguan memorialised that Shaanri had al first cast large coins Of Values 'Ten, Fifty and One Hundred in accordance with the Weights decided by (he Board, bul (he people did not appear enthusiastic about their use。 The weighls had been revised; trial had been carried oul previously and the people and merchanrs har commended this。 The Value Ten weighed 5 qian [19 gramsl, the Value Rifty ]liang 5 qian [56 grams], and the Value One Hundred ? liang [74 Brams] The alloy WOS parts copper to 3 parts O/ base metal",11,,373,93
22.969,Xianfeng,1851-1861,Wen Zong,"Xi'an, Shaanxi",,,,,374,94
22.970,Xianfeng,1851-1861,Wen Zong,"Xi'an, Shaanxi",,,,,374,94
22.971,Xianfeng,1851-1861,Wen Zong,"Xi'an, Shaanxi",,,,,374,94
22.973,Xianfeng,1851-1861,Wen Zong,"Xi'an, Shaanxi",,,,,374,94
22.974,Xianfeng,1851-1861,Wen Zong,"Xi'an, Shaanxi",,,,,374,94
22.1109,Xianfeng,1851-1861,Wen Zong,"Yarkand, Xinjiang",,Nof Vahand well above the hole,,,392,112
22.1110,Xianfeng,1851-1861,Wen Zong,"Yarkand, Xinjiang",,yof Vaad level with the hole. Obv: 咸型垂/ Kian Feng Zhong bao。 Rev: 凿五十 Dang wushi (Value Fifty) above and below,,,392,112
22.1112,Xianfeng,1851-1861,Wen Zong,"Yarkand, Xinjiang",,缶 Fou bao。 1854.59。 Obv: 咸蹩元贸 Kian Reng yuan bao。 Rev: 蕾百 Dang bai (Value One Hundred) above and below,,1854-59,392,112
22.1113,Xianfeng,1851-1861,Wen Zong,"Yarkand, Xinjiang",,-4 尔 Rr bao. Size varies considerably。 1854-59。 pD2575 14,14,1854-59,392,112
22.1116,Xianfeng,1851-1861,Wen Zong,"Yarkand, Xinjiang",咸些逦x Kian Peng tong bao,Rev: Circle above the hole 罡,,,393,113
22.1117,Xianfeng,1851-1861,Wen Zong,"Yarkand, Xinjiang",咸些逦x Kian Peng tong bao,"Rev: Circle above the hole, Off centre",,,393,113
22.1118,Xianfeng,1851-1861,Wen Zong,"Yarkand, Xinjiang",咸些逦x Kian Peng tong bao,Rev: Large crescent above the hole,,,393,113
22.1119,Xianfeng,1851-1861,Wen Zong,"Yarkand, Xinjiang",咸些逦x Kian Peng tong bao,Rev: Small crescent above the hole。 罡,,,393,113
22.1120,Xianfeng,1851-1861,Wen Zong,"Yarkand, Xinjiang",咸些逦x Kian Peng tong bao,"Rev: Horizontal Iine Or yi (one) above the hole。 The Boo Joo mint name is found in its frst form without a dot on Kianfeng coins。 In this form Joo could be pronounced 88 2hao, zhu Or zhou. The mint name is also found on Tongzhi coins but with a dot by the side of the word, which would mean that the name was read as ""jUo"". It is not at all clear 让 the dot of the Tongzhi coins represents an error, a correction to the Xuanfeng spell IB; Oreven a completely different mint (the obverge styles Of the coins Of the two reigns are very different). The word has been read by some as fu, but the Irst letter lacks the curl that would make it a *f Alauthorities now agree that the make-up Of these coins; and the numerous control characters found on their revergeg point to a gource in the gouth-western provinceg Of",,,393,113
22.1121,Xianfeng,1851-1861,Wen Zong,"Yumnan, Guizhou",咸些逦x Kian Peng tong bao,Rev: 8oo chiowan The,,,394,114
22.1124,Xianfeng,1851-1861,Wen Zong,"Yumnan, Guizhou",咸些逦x Kian Peng tong bao,Qixiang; Autumn 1861_ Obv: 祺祥通穿 Qi Kiang tong bao,,,394,114
22.1224,Tongzhi,1862-1874,Mu Zong,"Aksu, Xinjiang",同治通氨 Tong Zhi tong bao,Rev: 十 Dang shi (Value Ten). Tail of Aqou curves right 10,10,,401,121
22.1225,Tongzhi,1862-1874,Mu Zong,"Aksu, Xinjiang",同治通氨 Tong Zhi tong bao,Tailof Aqou curves left。 13 Casting Of Tong Zhi coins ceased when the rebel Rashidin Khan took,,,401,121
22.1222,Tongzhi,1862-1874,Mu Zong,"Baoding, Zhili",同治通氨 Tong Zhi tong bao,Square head tong. 1867 only? 卫D02591 12,1,,401,121
22.1125,Tongzhi,1862-1874,Mu Zong,"Board of Revenue (Boo-chiowan, Peking)",,"Six stroke bei, closed head tong。 Bast branch",,,395,115
22.1126,Tongzhi,1862-1874,Mu Zong,"Board of Revenue (Boo-chiowan, Peking)",,"Square head, two dot tong。 South branch",,,395,115
22.1127,Tongzhi,1862-1874,Mu Zong,"Board of Revenue (Boo-chiowan, Peking)",,"Closed head, one dot tong West branch",,,395,115
22.1128,Tongzhi,1862-1874,Mu Zong,"Board of Revenue (Boo-chiowan, Peking)",,Protruding head boo。 North branch Obv: 同治重* Tong Zhi zhong bao。 Rev: 蕾十 Dang shi (Value Ten) above and below,,,395,115
22.1129,Tongzhi,1862-1874,Mu Zong,"Board of Revenue (Boo-chiowan, Peking)",,"缶 Rou bao, Six stroke bei。 East branch。 卫02595,51600",5,,395,115
22.1130,Tongzhi,1862-1874,Mu Zong,"Board of Revenue (Boo-chiowan, Peking)",,"尔 Br bao, seven stroke bei。 South branch",,,395,115
22.1131,Tongzhi,1862-1874,Mu Zong,"Board of Revenue (Boo-chiowan, Peking)",,"缶 Fou bao, seven stroke bei。 West branch",,,395,115
22.1132,Tongzhi,1862-1874,Mu Zong,"Board of Revenue (Boo-chiowan, Peking)",,"缶 Rou bao, protruding head boo。 North branch Casting levels were around 100,000 strings Ol Value Tens a year。 The",,,395,115
22.1171,Tongzhi,1862-1874,Mu Zong,"Board of Revenue (Boo-chiowan, Peking)",同治通赛 Tong Zhi tong bao,No marks On reverse。 51588 15,15,,398,118
22.1172,Tongzhi,1862-1874,Mu Zong,"Board of Revenue (Boo-chiowan, Peking)",同治通赛 Tong Zhi tong bao,Rev: Large dot above。 13,13,,398,118
22.1173,Tongzhi,1862-1874,Mu Zong,"Board of Revenue (Boo-chiowan, Peking)",同治通赛 Tong Zhi tong bao,Rev: Circle above 81560,,,398,118
22.1174,Tongzhi,1862-1874,Mu Zong,"Board of Revenue (Boo-chiowan, Peking)",同治通赛 Tong Zhi tong bao,Rev: Gin commercial style above. Character can be vertical or horizontal。 ],,,398,118
22.1175,Tongzhi,1862-1874,Mu Zong,"Board of Revenue (Boo-chiowan, Peking)",同治通赛 Tong Zhi tong bao,Rev: 六 liu (si) above,,,398,118
22.1176,Tongzhi,1862-1874,Mu Zong,"Board of Revenue (Boo-chiowan, Peking)",同治通赛 Tong Zhi tong bao,Rev: 八 ba (eight) above。 13,13,,398,118
22.1177,Tongzhi,1862-1874,Mu Zong,"Board of Revenue (Boo-chiowan, Peking)",同治通赛 'Tong Zhi tong bao,No marks on reverse,,,399,119
22.1178,Tongzhi,1862-1874,Mu Zong,"Board of Revenue (Boo-chiowan, Peking)",同治通赛 'Tong Zhi tong bao,Rev: Crescent above,,,399,119
22.1179,Tongzhi,1862-1874,Mu Zong,"Board of Revenue (Boo-chiowan, Peking)",同治通赛 'Tong Zhi tong bao,Rev: Inverted crescent above,,,399,119
22.1180,Tongzhi,1862-1874,Mu Zong,"Board of Revenue (Boo-chiowan, Peking)",同治通赛 'Tong Zhi tong bao,Rev: Inverted crescent below,,,399,119
22.1181,Tongzhi,1862-1874,Mu Zong,"Board of Revenue (Boo-chiowan, Peking)",同治通赛 'Tong Zhi tong bao,Rev: Inverted crescent and dot above,,,399,119
22.1182,Tongzhi,1862-1874,Mu Zong,"Board of Revenue (Boo-chiowan, Peking)",同治通赛 'Tong Zhi tong bao,Rev: Vertical line above,,,399,119
22.1183,Tongzhi,1862-1874,Mu Zong,"Board of Revenue (Boo-chiowan, Peking)",同治通赛 'Tong Zhi tong bao,Rev; 工 gong above,,,399,119
22.1184,Tongzhi,1862-1874,Mu Zong,"Board of Revenue (Boo-chiowan, Peking)",同治通赛 'Tong Zhi tong bao,Rev: 山 shan above,,,399,119
22.1185,Tongzhi,1862-1874,Mu Zong,"Board of Revenue (Boo-chiowan, Peking)",同治通赛 'Tong Zhi tong bao,Rev; 合 he above,,,399,119
22.1186,Tongzhi,1862-1874,Mu Zong,"Board of Revenue (Boo-chiowan, Peking)",同治通赛 'Tong Zhi tong bao,Rev; 大 da above,,,399,119
22.1187,Tongzhi,1862-1874,Mu Zong,"Board of Revenue (Boo-chiowan, Peking)",同治通赛 'Tong Zhi tong bao,Rev: 士 shi above,,,399,119
22.1188,Tongzhi,1862-1874,Mu Zong,"Board of Revenue (Boo-chiowan, Peking)",同治通赛 'Tong Zhi tong bao,Rev: 仁 ren above,,,399,119
22.1189,Tongzhi,1862-1874,Mu Zong,"Board of Revenue (Boo-chiowan, Peking)",同治通赛 'Tong Zhi tong bao,Rev: Ji (one) above,,,399,119
22.1190,Tongzhi,1862-1874,Mu Zong,"Board of Revenue (Boo-chiowan, Peking)",同治通赛 'Tong Zhi tong bao,Rev: 3 in commercial style above,,,399,119
22.1191,Tongzhi,1862-1874,Mu Zong,"Board of Revenue (Boo-chiowan, Peking)",同治通赛 'Tong Zhi tong bao,"Rev; 五 TUU (fve) mverted, below",,,399,119
22.1192,Tongzhi,1862-1874,Mu Zong,"Board of Revenue (Boo-chiowan, Peking)",同治通赛 'Tong Zhi tong bao,Rev: 9 in commercial style above Vi (one) above,,,399,119
22.1193,Tongzhi,1862-1874,Mu Zong,"Board of Revenue (Boo-chiowan, Peking)",同治通赛 'Tong Zhi tong bao,3 (commercial) below,,,399,119
22.1194,Tongzhi,1862-1874,Mu Zong,"Board of Revenue (Boo-chiowan, Peking)",同治通赛 'Tong Zhi tong bao,五 wu (fve) below,,,399,119
22.1195,Tongzhi,1862-1874,Mu Zong,"Board of Revenue (Boo-chiowan, Peking)",同治通赛 'Tong Zhi tong bao,六 liu (six) below,,,399,119
22.1196,Tongzhi,1862-1874,Mu Zong,"Board of Revenue (Boo-chiowan, Peking)",同治通赛 'Tong Zhi tong bao,十 shi (ten) below,,,399,119
22.1197,Tongzhi,1862-1874,Mu Zong,"Board of Revenue (Boo-chiowan, Peking)",同治通赛 'Tong Zhi tong bao,shi yi (eleven) below,,,399,119
22.1198,Tongzhi,1862-1874,Mu Zong,"Board of Revenue (Boo-chiowan, Peking)",同治通赛 'Tong Zhi tong bao,Rev: 十 shi (ten) above,,,399,119
22.1199,Tongzhi,1862-1874,Mu Zong,"Board of Revenue (Boo-chiowan, Peking)",同治通赛 'Tong Zhi tong bao,Dot below,,,399,119
22.1200,Tongzhi,1862-1874,Mu Zong,"Board of Revenue (Boo-chiowan, Peking)",同治通赛 'Tong Zhi tong bao,yi (one) below,,,399,119
22.1201,Tongzhi,1862-1874,Mu Zong,"Board of Revenue (Boo-chiowan, Peking)",同治通赛 'Tong Zhi tong bao,Rev: 十 shi (ten) below,,,399,119
22.1202,Tongzhi,1862-1874,Mu Zong,"Board of Revenue (Boo-chiowan, Peking)",同治通赛 'Tong Zhi tong bao,咨 51559 13 ?81561 13 51563 3 13 51562 13 51564 1 13 13 3 13 ?51567 3 13 13 13 51565 13 3 13 15,15,,399,119
22.1203,Tongzhi,1862-1874,Mu Zong,"Board of Revenue (Boo-chiowan, Peking)",,Rev: 凿十 Dang shi (Value Ten) above and below. Distinguish from 26.1,1,,400,120
22.1205,Tongzhi,1862-1874,Mu Zong,"Board of Revenue (Boo-chiowan, Peking)",同治通赛 'Tong Zhi tong bao,,,,400,120
22.1133,Tongzhi,1862-1874,Mu Zong,"Board of Works (Boo-yuwan, Peking)",,Six stroke bei New branch。 R02598,,,395,115
22.1134,Tongzhi,1862-1874,Mu Zong,"Board of Works (Boo-yuwan, Peking)",,"Seven stroke bei。 Old branch Casting levels were around 73,000 strings O[ Value Tens a year. One cash coins are patlerns onby Puzhou, Rujian Rev: Boo fu left and right。 Obv: 同治通贫 Tong Zhi tong bao",,,395,115
22.1135,Tongzhi,1862-1874,Mu Zong,"Board of Works (Boo-yuwan, Peking)",,"Square head tong。 1863.74。 51557 昱 "" 13 13 13",13,1863-74,395,115
22.1144,Tongzhi,1862-1874,Mu Zong,"Changsha, Hunan",同治通夤 Tong Zhi tong bao,Small 同 Tong。 1863-65,,1863-65,396,116
22.1145,Tongzhi,1862-1874,Mu Zong,"Changsha, Hunan",同治通夤 Tong Zhi tong bao,Wide 同 Tong: The radicalof 治 looks as 让 it has three dots,,,396,116
22.1155,Tongzhi,1862-1874,Mu Zong,"Chengdu, Sichuan",同治通赛 Tong Zhi tong bao,Protruding head boo。 11 Round head boo. The chuwan sometimes writen like chiowan. Often very poor quality,,,398,118
22.1156,Tongzhi,1862-1874,Mu Zong,"Chengdu, Sichuan",同治通赛 Tong Zhi tong bao,No additional marks On reverse,,,398,118
22.1157,Tongzhi,1862-1874,Mu Zong,"Chengdu, Sichuan",同治通赛 Tong Zhi tong bao,Rev: 工 gong above。 ],,,398,118
22.1158,Tongzhi,1862-1874,Mu Zong,"Chengdu, Sichuan",同治通赛 Tong Zhi tong bao,Rev: 正 Zheng above,,,398,118
22.1159,Tongzhi,1862-1874,Mu Zong,"Chengdu, Sichuan",同治通赛 Tong Zhi tong bao,Rev: Dot above,,,398,118
22.1160,Tongzhi,1862-1874,Mu Zong,"Chengdu, Sichuan",同治通赛 Tong Zhi tong bao,Rev: Dot within a circle above,,,398,118
22.1161,Tongzhi,1862-1874,Mu Zong,"Chengdu, Sichuan",同治通赛 Tong Zhi tong bao,Rev: 9in commercial style above。? 1 below。 嚣,,,398,118
22.1162,Tongzhi,1862-1874,Mu Zong,"Chengdu, Sichuan",同治通赛 Tong Zhi tong bao,7 below,,,398,118
22.1163,Tongzhi,1862-1874,Mu Zong,"Chengdu, Sichuan",同治通赛 Tong Zhi tong bao,Inverted 山I below,,,398,118
22.1164,Tongzhi,1862-1874,Mu Zong,"Chengdu, Sichuan",同治通赛 Tong Zhi tong bao,Rev: 十 shi (ten) above。 13,13,,398,118
22.1165,Tongzhi,1862-1874,Mu Zong,"Chengdu, Sichuan",同治通赛 Tong Zhi tong bao,Dot below 13,13,,398,118
22.1166,Tongzhi,1862-1874,Mu Zong,"Chengdu, Sichuan",同治通赛 Tong Zhi tong bao,Slanting line below。 13,13,,398,118
22.1167,Tongzhi,1862-1874,Mu Zong,"Chengdu, Sichuan",同治通赛 Tong Zhi tong bao,?1 below,,,398,118
22.1168,Tongzhi,1862-1874,Mu Zong,"Chengdu, Sichuan",同治通赛 Tong Zhi tong bao,san (three) below。 1,1,,398,118
22.1169,Tongzhi,1862-1874,Mu Zong,"Chengdu, Sichuan",同治通赛 Tong Zhi tong bao,六 liu (gix) below 13 Taiwan. Rev: Boo tai left and right,,,398,118
22.1170,Tongzhi,1862-1874,Mu Zong,"Chengdu, Sichuan",同治通赛 Tong Zhi tong bao,Usually very poor quality; no records ofthe mint operating。 13 Yunnan province。 Rev: Boo yun left and right。 Square head tong,,,398,118
22.1204,Tongzhi,1862-1874,Mu Zong,"Dongchuan, Yunnan",,-5 No marks on reverge,,,400,120
22.1206,Tongzhi,1862-1874,Mu Zong,"Dongchuan, Yunnan",,"Rev: 府 fu above, circle below。 Closed head tong",,,400,120
22.1207,Tongzhi,1862-1874,Mu Zong,"Dongchuan, Yunnan",,Rev: Crescent above,,,400,120
22.1208,Tongzhi,1862-1874,Mu Zong,"Dongchuan, Yunnan",,Rev; 止 Zheng above,,,400,120
22.1209,Tongzhi,1862-1874,Mu Zong,"Dongchuan, Yunnan",,Large dot below,,,400,120
22.1210,Tongzhi,1862-1874,Mu Zong,"Dongchuan, Yunnan",,Circle below,,,400,120
22.1211,Tongzhi,1862-1874,Mu Zong,"Dongchuan, Yunnan",,Inverted crescent below,,,400,120
22.1212,Tongzhi,1862-1874,Mu Zong,"Dongchuan, Yunnan",,Rev: 丰 feng or 主 zhu above,,,400,120
22.1213,Tongzhi,1862-1874,Mu Zong,"Dongchuan, Yunnan",,Rev: 山 shan above。 Very small coins,,,400,120
22.1214,Tongzhi,1862-1874,Mu Zong,"Dongchuan, Yunnan",,Rev: No marks on reverse,,,400,120
22.1215,Tongzhi,1862-1874,Mu Zong,"Dongchuan, Yunnan",,Rev: Dot above,,,400,120
22.1216,Tongzhi,1862-1874,Mu Zong,"Dongchuan, Yunnan",,Rev: Circle above,,,400,120
22.1217,Tongzhi,1862-1874,Mu Zong,"Dongchuan, Yunnan",,Rev: Crescent above. 14 k 1 13 13 1 13,,,400,120
22.1223,Tongzhi,1862-1874,Mu Zong,"Dongchuan, Yunnan",,"22.,1224",,,401,121
22.1136,Tongzhi,1862-1874,Mu Zong,"Gongchang, Gansu",同治通夤 Tong Zhi tong bao,Square head tong。 1862-64。 14,14,1862-64,396,116
22.1137,Tongzhi,1862-1874,Mu Zong,"Gongchang, Gansu",同治通夤 Tong Zhi tong bao,Closed head tong。 14 Obv: 同治重. Tong Zhi zhong bao。 Rev; Denominaton above and below. 1862-64,,1862-64,396,116
22.1138,Tongzhi,1862-1874,Mu Zong,"Gongchang, Gansu",同治通夤 Tong Zhi tong bao,Rev; 富五 Dang wu (Value Five) 卫02600,0,,396,116
22.1139,Tongzhi,1862-1874,Mu Zong,"Gongchang, Gansu",同治通夤 Tong Zhi tong bao,Rev: 凿十 Dang shi (Value Ten). 缶 Rou bao。 Large Size。 卫02597 18,7,,396,116
22.1140,Tongzhi,1862-1874,Mu Zong,"Gongchang, Gansu",同治通夤 Tong Zhi tong bao,尔 Er bao. Small size The mint WaS closed in 1864 and did not subsequently reopen,,,396,116
22.1141,Tongzhi,1862-1874,Mu Zong,"Guilin, Guangxi",同治通夤 Tong Zhi tong bao,No marks on reverse. 1862-64 14,14,1862-64,396,116
22.1142,Tongzhi,1862-1874,Mu Zong,"Guilin, Guangxi",同治通夤 Tong Zhi tong bao,Rev: Circle above。 51566 11,11,,396,116
22.1218,Tongzhi,1862-1874,Mu Zong,"Hangzhou, Zhejiang",同治通氨 Tong Zhi tong bao,"Square head tong, vertical dots。 卫02592,51554 14",2,,401,121
22.1219,Tongzhi,1862-1874,Mu Zong,"Hangzhou, Zhejiang",同治通氨 Tong Zhi tong bao,Square head tong; oblique dots。 14,,,401,121
22.1220,Tongzhi,1862-1874,Mu Zong,"Hangzhou, Zhejiang",同治通氨 Tong Zhi tong bao,Coastal Province protruding head tong,,,401,121
22.1221,Tongzhi,1862-1874,Mu Zong,"Hangzhou, Zhejiang",同治通氨 Tong Zhi tong bao,"Trial struck In Paris TCis reported that in 1866, Zuo Zongtarg; at that time Gouernor-Beneral O[ Fujian and Zhejiang; requested permission from lhe Emperor to Open a modern mint at the Fuzhou Naval Shipyard, which was then being built by the French. The request was not granted, but apparently Zuo asked the Paris minl LO strike some samples, O[ which three are known This is this first struck Chinese coin",,,401,121
22.1226,Tongzhi,1862-1874,Mu Zong,"Ili, Xinjiang",同治通氨 Tong Zhi tong bao,Rev; 凿四 Dang (Value Four) above and below 卫02596 See ?3.1085 foran erplanation Of this denomination。 In 1866,6,,401,121
22.1232,Tongzhi,1862-1874,Mu Zong,"Ili, Xinjiang",同治通氨 Tong Zhi tong bao,,,,402,122
22.1236,Tongzhi,1862-1874,Mu Zong,"Ili, Xinjiang",同治通氨 Tong Zhi tong bao,,,,402,122
22.1227,Tongzhi,1862-1874,Mu Zong,"Kucha, Xinjiang",同治通霹 Tong Zhi tong bao,Rev: 五 Dang wu (Value Five),,,402,122
22.1228,Tongzhi,1862-1874,Mu Zong,"Kucha, Xinjiang",同治通霹 Tong Zhi tong bao,Rev: 嵩十 Dang shi (Value Ten),,,402,122
22.1229,Tongzhi,1862-1874,Mu Zong,"Kucha, Xinjiang",同治通霹 Tong Zhi tong bao,Long stroke at top of,,,402,122
22.1230,Tongzhi,1862-1874,Mu Zong,"Kucha, Xinjiang",同治通霹 Tong Zhi tong bao,Thin character strokes; bei long,,,402,122
22.1231,Tongzhi,1862-1874,Mu Zong,"Kucha, Xinjiang",同治通霹 Tong Zhi tong bao,"Thick, crude character strokes, bei a fish tail。 Cf",,,402,122
22.1233,Tongzhi,1862-1874,Mu Zong,"Kucha, Xinjiang",同治通霹 Tong Zhi tong bao,Rev: Crescent at 4 0'clock,,,402,122
22.1234,Tongzhi,1862-1874,Mu Zong,"Kucha, Xinjiang",同治通霹 Tong Zhi tong bao,"Rev: Crescent 边 each corner。 Rev: Boo left, ""chuan"" for",,,402,122
22.1235,Tongzhi,1862-1874,Mu Zong,"Kucha, Xinjiang",同治通霹 Tong Zhi tong bao,-6 Different styles Of bao &c 1885-86.Cf,,1885-86,402,122
22.1237,Tongzhi,1862-1874,Mu Zong,"Kucha, Xinjiang",同治通霹 Tong Zhi tong bao,Six stroke bei。 1886-88,,1886-88,402,122
22.1267,Tongzhi,1862-1874,Mu Zong,"Kucha, Xinjiang",同治通r Tong Zhi tong bao,"Large writing。 1864.65 13 仇 praclice, the date is almosl always illegible。 Some read i as 1280。1281 filg the histon and the Second VCOI better。 Rev: Za da al-ouftaat Juqa top, left, bottom, right. No date at tOp",,1864-65,404,124
22.1268,Tongzhi,1862-1874,Mu Zong,"Kucha, Xinjiang",同治通r Tong Zhi tong bao,-9 Several varieties 1865-67。 13,13,1865-67,404,124
22.1282,Tongzhi,1862-1874,Mu Zong,"Kucha, Xinjiang",同治通霹 Tong Zhi tong bao,"Different style of Kuchel Sqa, sIR stroke bei",,,402,122
22.1153,Tongzhi,1862-1874,Mu Zong,"Nanchang, Jiangxi",,Square head tong. Usually poor quality. 1862.74. 11,11,1862-74,397,117
22.1146,Tongzhi,1862-1874,Mu Zong,"Suzhou, Jiangsu",,"Six stroke bei。 1864.74。 卫D2590,51556 15",0,1864-74,397,117
22.1147,Tongzhi,1862-1874,Mu Zong,"Suzhou, Jiangsu",,Seven gtroke ber。 语,,,397,117
22.1148,Tongzhi,1862-1874,Mu Zong,"Suzhou, Jiangsu",,Small 通 tong。 Coastal Province types,,,397,117
22.1149,Tongzhi,1862-1874,Mu Zong,"Suzhou, Jiangsu",,Closed head tong. Protruding head boo 15,,,397,117
22.1150,Tongzhi,1862-1874,Mu Zong,"Suzhou, Jiangsu",,Protruding head tong: 15 Details O[ the operation O「 the minl after Suzhou was recaptured from the Taiping rebels are not clear。 Broad rim coing,,,397,117
22.1151,Tongzhi,1862-1874,Mu Zong,"Suzhou, Jiangsu",,Coastal province type。 Closed head tong 10,10,,397,117
22.1152,Tongzhi,1862-1874,Mu Zong,"Suzhou, Jiangsu",,Protruding head tong,,,397,117
22.1154,Tongzhi,1862-1874,Mu Zong,"Taiyuan, Shanxi",,Closed head tong。 1865 and 1873.74. 10,10,1873-74,397,117
22.1143,Tongzhi,1862-1874,Mu Zong,"Wuchang, Hubei",同治通夤 Tong Zhi tong bao,"Closed head tong. 1862-63 11 I 1863,1,000 strings OI the new Tong Zhi tong bao coins were cast between December and January 186, and another 1,000 strings in the nert three months; then casling slopped",,1862-63,396,116
22.1115,Tongzhi,1862-1874,Mu Zong,"Yarkand, Xinjiang",同治通窦 Tong Zhi tong bao,for a discussion Of this mint name,,,403,123
22.1238,Tongzhi,1862-1874,Mu Zong,"Yarkand, Xinjiang",同治通霹 Tong Zhi tong bao,"Rev; 篱| Dang shi (Value Ten) above and below。 1862-63. "" : 14 14 11",11,1862-63,402,122
22.1239,Tongzhi,1862-1874,Mu Zong,"Yarkand, Xinjiang",同治通窦 Tong Zhi tong bao,No markg on reverse reported never illustrated,,,403,123
22.1240,Tongzhi,1862-1874,Mu Zong,"Yarkand, Xinjiang",同治通窦 Tong Zhi tong bao,Rev: Large dot above,,,403,123
22.1241,Tongzhi,1862-1874,Mu Zong,"Yarkand, Xinjiang",同治通窦 Tong Zhi tong bao,Rev: Large dot below,,,403,123
22.1242,Tongzhi,1862-1874,Mu Zong,"Yarkand, Xinjiang",同治通窦 Tong Zhi tong bao,Rev: Circle above,,,403,123
22.1243,Tongzhi,1862-1874,Mu Zong,"Yarkand, Xinjiang",同治通窦 Tong Zhi tong bao,Rev: Circle below,,,403,123
22.1244,Tongzhi,1862-1874,Mu Zong,"Yarkand, Xinjiang",同治通窦 Tong Zhi tong bao,Rev; Targe cregcent above,,,403,123
22.1245,Tongzhi,1862-1874,Mu Zong,"Yarkand, Xinjiang",同治通窦 Tong Zhi tong bao,Rev; Small crescent above,,,403,123
22.1246,Tongzhi,1862-1874,Mu Zong,"Yarkand, Xinjiang",同治通窦 Tong Zhi tong bao,Rev: Inverted crescent above,,,403,123
22.1247,Tongzhi,1862-1874,Mu Zong,"Yarkand, Xinjiang",同治通窦 Tong Zhi tong bao,Rev: Vertical line above。 盥28 Bev: yezteallae below,,,403,123
22.1248,Tongzhi,1862-1874,Mu Zong,"Yarkand, Xinjiang",同治通霹 Tong Zhi tong bao,,,,403,123
22.1249,Tongzhi,1862-1874,Mu Zong,"Yarkand, Xinjiang",同治通霹 Tong Zhi tong bao,,,,403,123
22.1250,Tongzhi,1862-1874,Mu Zong,"Yarkand, Xinjiang",同治通窦 Tong Zhi tong bao,Rev: 之 zhi above,,,403,123
22.1251,Tongzhi,1862-1874,Mu Zong,"Yarkand, Xinjiang",同治通窦 Tong Zhi tong bao,Rev: 川 chwan above,,,403,123
22.1252,Tongzhi,1862-1874,Mu Zong,"Yarkand, Xinjiang",同治通窦 Tong Zhi tong bao,Rev: 丰 feng above. Almost certainly the same as 主 below,,,403,123
22.1253,Tongzhi,1862-1874,Mu Zong,"Yarkand, Xinjiang",同治通窦 Tong Zhi tong bao,Rev: 主 zhu above,,,403,123
22.1254,Tongzhi,1862-1874,Mu Zong,"Yarkand, Xinjiang",同治通窦 Tong Zhi tong bao,Rev: 上 shang above,,,403,123
22.1255,Tongzhi,1862-1874,Mu Zong,"Yarkand, Xinjiang",同治通窦 Tong Zhi tong bao,Rev: 工 gong above,,,403,123
22.1256,Tongzhi,1862-1874,Mu Zong,"Yarkand, Xinjiang",同治通窦 Tong Zhi tong bao,Rev: 合 he above,,,403,123
22.1257,Tongzhi,1862-1874,Mu Zong,"Yarkand, Xinjiang",同治通窦 Tong Zhi tong bao,Rev: 中 zhong above,,,403,123
22.1258,Tongzhi,1862-1874,Mu Zong,"Yarkand, Xinjiang",同治通窦 Tong Zhi tong bao,Rev; 仁 ren above,,,403,123
22.1259,Tongzhi,1862-1874,Mu Zong,"Yarkand, Xinjiang",同治通窦 Tong Zhi tong bao,Rev: 云 yun above。 32.1260 Rev: / shun above 21261 Bev: criabovove,,,403,123
22.1260,Tongzhi,1862-1874,Mu Zong,"Yarkand, Xinjiang",同治通霹 Tong Zhi tong bao,,,,403,123
22.1261,Tongzhi,1862-1874,Mu Zong,"Yarkand, Xinjiang",同治通霹 Tong Zhi tong bao,,,,403,123
22.1262,Tongzhi,1862-1874,Mu Zong,"Yarkand, Xinjiang",同治通霹 Tong Zhi tong bao,,,,403,123
22.1263,Tongzhi,1862-1874,Mu Zong,"Yarkand, Xinjiang",同治通窦 Tong Zhi tong bao,Rev; Ji (one) above,,,403,123
22.1264,Tongzhi,1862-1874,Mu Zong,"Yarkand, Xinjiang",同治通窦 Tong Zhi tong bao,Rev: er (two) above,,,403,123
22.1265,Tongzhi,1862-1874,Mu Zong,"Yarkand, Xinjiang",同治通窦 Tong Zhi tong bao,Rev: 三 san (three) above,,,403,123
22.1266,Tongzhi,1862-1874,Mu Zong,"Yarkand, Xinjiang",同治通r Tong Zhi tong bao,Rev: 4in commercial style above,,,404,124
22.1269,Tongzhi,1862-1874,Mu Zong,"Yarkand, Xinjiang",同治通r Tong Zhi tong bao,Rev: 9 I commercial gtyle above. Looks like 又 you the dot on the top is very faint。 翌,,,404,124
22.1270,Tongzhi,1862-1874,Mu Zong,"Yarkand, Xinjiang",同治通r Tong Zhi tong bao,"Rev: 9 in commercial style below , inverted",,,404,124
22.1271,Tongzhi,1862-1874,Mu Zong,"Yarkand, Xinjiang",同治通r Tong Zhi tong bao,Rev: 十 shi (ten) above 翌,,,404,124
22.1272,Tongzhi,1862-1874,Mu Zong,"Yarkand, Xinjiang",同治通r Tong Zhi tong bao,"Rev: shi yi (eleven) above 12 Rashidin Khan。 In 1862, Rashidin Khoja (Ghazi Rashid) proclaimed a holy war and overcame the Chinese gari。 gon at",,,404,124
22.1464,Guangxu,1875-1908,De Zong,"Aksu, Xinjiang",光绪通| Guang Au tong bao,One dot tong,,,419,139
22.1465,Guangxu,1875-1908,De Zong,"Aksu, Xinjiang",光绪通| Guang Au tong bao,Two dot tong; different AksU。 `,,,419,139
22.1466,Guangxu,1875-1908,De Zong,"Aksu, Xinjiang",光绪通| Guang Au tong bao,Aqou with a circle at the end,,,419,139
22.1467,Guangxu,1875-1908,De Zong,"Aksu, Xinjiang",光绪通| Guang Au tong bao,"Aqou left, AksU right。 Cfthe Qian Long Coins",,,419,139
22.1468,Guangxu,1875-1908,De Zong,"Aksu, Xinjiang",光绪通| Guang Au tong bao,TWo dot tong。 Rev: Tail of Aqou curves left,,,419,139
22.1469,Guangxu,1875-1908,De Zong,"Aksu, Xinjiang",光绪通| Guang Au tong bao,Rev; Tail of Aqou curly。 },,,419,139
22.1470,Guangxu,1875-1908,De Zong,"Aksu, Xinjiang",光绪通| Guang Au tong bao,One dot tong。 These coins were cast by,,,419,139
22.1419,Guangxu,1875-1908,De Zong,"Baoding, Zhili",光鏊通赛 Guang Ku tong bao,Rev: No additional marks,,,416,136
22.1420,Guangxu,1875-1908,De Zong,"Baoding, Zhili",光鏊通赛 Guang Ku tong bao,Rev: Small circle above,,,416,136
22.1421,Guangxu,1875-1908,De Zong,"Baoding, Zhili",光鏊通赛 Guang Ku tong bao,Rev: Large circle above。 #,,,416,136
22.1422,Guangxu,1875-1908,De Zong,"Baoding, Zhili",光鏊通赛 Guang Ku tong bao,Rev: Dot above。 51568,,,416,136
22.1423,Guangxu,1875-1908,De Zong,"Baoding, Zhili",光鏊通赛 Guang Ku tong bao,Rev: Small inverted crescent above Square head tong. 尔 Br bao. Nominal weight 8 fen。 1899,,,416,136
22.1424,Guangxu,1875-1908,De Zong,"Baoding, Zhili",光鏊通赛 Guang Ku tong bao,14,,,416,136
22.194,Guangxu,1875-1908,De Zong,"Board of Revenue (Boo-chiowan, Peking)",,South 窨,,,406,126
22.1275,Guangxu,1875-1908,De Zong,"Board of Revenue (Boo-chiowan, Peking)",,"Six stroke bei, closed head tong。 Bast branch",,,405,125
22.1276,Guangxu,1875-1908,De Zong,"Board of Revenue (Boo-chiowan, Peking)",,"Squarc head, two dot tong。 South branch",,,405,125
22.1277,Guangxu,1875-1908,De Zong,"Board of Revenue (Boo-chiowan, Peking)",,Closed head one dot long West branch,,,405,125
22.1278,Guangxu,1875-1908,De Zong,"Board of Revenue (Boo-chiowan, Peking)",,"Protruding head boo。 North branch。 Nominal weight 6 fen. Diameter under 20mm, weight under 3 grams。 1900-08",,1900-08,405,125
22.1279,Guangxu,1875-1908,De Zong,"Board of Revenue (Boo-chiowan, Peking)",,"Closed head, one dot tong。 West branch",,,405,125
22.1280,Guangxu,1875-1908,De Zong,"Board of Revenue (Boo-chiowan, Peking)",,Protruding head boo。 North branch Only these tuo branches Tow remained open。 15 15 玷 15 15,15,,405,125
22.1281,Guangxu,1875-1908,De Zong,"Board of Revenue (Boo-chiowan, Peking)",,Rev: 宇 Ju,,,406,126
22.1283,Guangxu,1875-1908,De Zong,"Board of Revenue (Boo-chiowan, Peking)",,Rev: T 51575 淼25 Re:粱 葚,5,,406,126
22.1284,Guangxu,1875-1908,De Zong,"Board of Revenue (Boo-chiowan, Peking)",,,,,406,126
22.1285,Guangxu,1875-1908,De Zong,"Board of Revenue (Boo-chiowan, Peking)",,,,,406,126
22.1286,Guangxu,1875-1908,De Zong,"Board of Revenue (Boo-chiowan, Peking)",,Rev: 往 wang,,,406,126
22.1287,Guangxu,1875-1908,De Zong,"Board of Revenue (Boo-chiowan, Peking)",,"Rev: Dot above lt the beBinning Of 1898, the Fresident of the Board Of Revene introduced a new control to prevent coinage abuses。 4 character from the Thousand Character Classic (the 干字艾 Qian 'Zi Wen an anclent poem wrllen With a thousand different characters; which were frequently used as a numbering system ) Was to be added to the reverse The characlter Was tO be changed each quarter, so that il could be determined when Che coin Was Tade Te numbers represenled by Ihe characlers are not consecutive and (he characters appear to have been cho。 Sent al random, and not to have any hidden meaning。 The privy narks for the four mint branches are also found on coirs Of this series, as on 23.1275-8, although they are not easy to nake out Value Ten. Obv: 光绪重| Guang Ku zhong bao。 Type A. Rev: 富十 Dang shi (Value Ten). Nominal weight 3.2 qian。 Tye 41. Top three strokes Of Guang like // . Larger characters。 1875-78",,1875-78,406,126
22.1290,Guangxu,1875-1908,De Zong,"Board of Revenue (Boo-chiowan, Peking)",,"缶 Rou bao, SIx stroke bei Bast branch。 TD2640",0,,406,126
22.1291,Guangxu,1875-1908,De Zong,"Board of Revenue (Boo-chiowan, Peking)",,尔 Er bao seven stroke bei South branch 81603,,,406,126
22.1292,Guangxu,1875-1908,De Zong,"Board of Revenue (Boo-chiowan, Peking)",,"缶 Rou bao, seven stroke bei WVest branch",,,406,126
22.1293,Guangxu,1875-1908,De Zong,"Board of Revenue (Boo-chiowan, Peking)",,"缶 Fou bao, protruding head boo North branch Type 42。 Top three strokes of Guang le/ Smaller characterg。 1879-80",,1879-80,406,126
22.1294,Guangxu,1875-1908,De Zong,"Board of Revenue (Boo-chiowan, Peking)",,-1297 Branch priwy narks as above。 11 Type B.Rev: 富拾 Dang shi (Value Ten). Nominal weight 2.6 qian。 Type Bl. No dot on reverse 1880.86,,1880-86,406,126
22.1298,Guangxu,1875-1908,De Zong,"Board of Revenue (Boo-chiowan, Peking)",,-1301 Branch privy marks 88 above。 R02639 14 Type B2. Dot on reverse by the top right corner Of hole. 1887-89,,1887-89,406,126
22.1299,Guangxu,1875-1908,De Zong,"Board of Revenue (Boo-chiowan, Peking)",,1303 West 罾,,,406,126
22.1300,Guangxu,1875-1908,De Zong,"Board of Revenue (Boo-chiowan, Peking)",,1304 禺 North,,,406,126
22.1301,Guangxu,1875-1908,De Zong,"Board of Revenue (Boo-chiowan, Peking)",,1305 Bast,,,406,126
22.1302,Guangxu,1875-1908,De Zong,"Board of Revenue (Boo-chiowan, Peking)",,"-1305 Branch privy marks as above 11 In 1887, the official casting level of regulation coins was still 72 mao 899,900 strings a year。 Afler pelilion ing Uhe Emperor to chose between COUI Datlerns, 0几 alloy Of 609 copper, 40% zinc With one part Ol scrap brass added was decided upon",,,406,126
22.1305,Guangxu,1875-1908,De Zong,"Board of Revenue (Boo-chiowan, Peking)",,-06,,,407,127
22.1312,Guangxu,1875-1908,De Zong,"Board of Revenue (Boo-chiowan, Peking)",,,,,407,127
22.1313,Guangxu,1875-1908,De Zong,"Board of Revenue (Boo-chiowan, Peking)",,,,,407,127
22.1398,Guangxu,1875-1908,De Zong,"Board of Revenue (Boo-chiowan, Peking)",光筛通窨 Guang Ku tong bao,Local Iattem,,,414,134
22.1399,Guangxu,1875-1908,De Zong,"Board of Revenue (Boo-chiowan, Peking)",光筛通窨 Guang Ku tong bao,"Rev: ba (eight) sideways, above",,,414,134
22.1400,Guangxu,1875-1908,De Zong,"Board of Revenue (Boo-chiowan, Peking)",光筛通窨 Guang Ku tong bao,"Rev: 九 jiu (nine) sideways, above",,,414,134
22.1402,Guangxu,1875-1908,De Zong,"Board of Revenue (Boo-chiowan, Peking)",光筛通窨 Guang Ku tong bao,"Rev: Crescent above, dot below",,,414,134
22.1403,Guangxu,1875-1908,De Zong,"Board of Revenue (Boo-chiowan, Peking)",光筛通窨 Guang Ku tong bao,Rev: 工 Bong above,,,414,134
22.1404,Guangxu,1875-1908,De Zong,"Board of Revenue (Boo-chiowan, Peking)",光筛通窨 Guang Ku tong bao,"Rev: Dot above """,,,414,134
22.1405,Guangxu,1875-1908,De Zong,"Board of Revenue (Boo-chiowan, Peking)",光筛通窨 Guang Ku tong bao,Rev: 金 jin above. C[,,,414,134
22.1408,Guangxu,1875-1908,De Zong,"Board of Revenue (Boo-chiowan, Peking)",光筛通窨 Guang Ku tong bao,,,,415,135
22.1409,Guangxu,1875-1908,De Zong,"Board of Revenue (Boo-chiowan, Peking)",光筛通窨 Guang Ku tong bao,"In a lengthy memorial ol 1899, Lhe Governor-general explained the diffculties and erpenses Of reopening the mint。 He demurred at the instruclion to add Thousand Character Classic characters to the rewerse O[ their COIns (see",,,414,134
22.1415,Guangxu,1875-1908,De Zong,"Board of Revenue (Boo-chiowan, Peking)",光筛通窨 Guang Ku tong bao,,,,415,135
22.1416,Guangxu,1875-1908,De Zong,"Board of Revenue (Boo-chiowan, Peking)",光筛通窨 Guang Ku tong bao,,,,415,135
22.1417,Guangxu,1875-1908,De Zong,"Board of Revenue (Boo-chiowan, Peking)",光筛通窨 Guang Ku tong bao,,,,415,135
22.1495,Guangxu,1875-1908,De Zong,"Board of Revenue (Boo-chiowan, Peking)",,"Two dot tong. Rev: Narrow chiowan, correctly spelt",,,422,142
22.1496,Guangxu,1875-1908,De Zong,"Board of Revenue (Boo-chiowan, Peking)",,Rev: Inscription sideways,,,422,142
22.1497,Guangxu,1875-1908,De Zong,"Board of Revenue (Boo-chiowan, Peking)",,"Two dot tong。 Rev: Chiowan written like ""Choan""",,,422,142
22.1498,Guangxu,1875-1908,De Zong,"Board of Revenue (Boo-chiowan, Peking)",,"One dot tong. Rev: Broad, square chiowan, correctly spelt。 #",,,422,142
22.1499,Guangxu,1875-1908,De Zong,"Board of Revenue (Boo-chiowan, Peking)",,Rev: Inscription inverted,,,422,142
22.1500,Guangxu,1875-1908,De Zong,"Board of Revenue (Boo-chiowan, Peking)",,Rev; Boo retrograde and inverted. Chiowan retrograde,,,422,142
22.1501,Guangxu,1875-1908,De Zong,"Board of Revenue (Boo-chiowan, Peking)",,"One dot tong; Rev: Chiowan written something lke ""Chion'",,,422,142
22.1502,Guangxu,1875-1908,De Zong,"Board of Revenue (Boo-chiowan, Peking)",,"Rev Inscription inverted 14 Te red copper netal and workmanship Of these Boo ""chiowan"" coins idenlifies them as Jinjiang products nolhing to do with tle Board O[ Revenue minl in Peking。 One theory is thal they Were made by the lsk and/or",,,422,142
22.1307,Guangxu,1875-1908,De Zong,"Board of Works (Boo-yuwan, Peking)",,Protruding head boo. Closed head one dot tong. Auxiliary furnaces 玷,,,407,127
22.1308,Guangxu,1875-1908,De Zong,"Board of Works (Boo-yuwan, Peking)",,"Protruding head boo: Closed bead, two dot tong: Auxilary furnaces。 15 坑`1869, the Autiliary furnaces had been closed because Ofa shortge Of copper. They were reopened in 1886, and onew, clearer privy mark for them was introduced。 Rev: Thousand Character Classic characters above。 1898-99",,1898-99,407,127
22.1309,Guangxu,1875-1908,De Zong,"Board of Works (Boo-yuwan, Peking)",,Rev: 宇 JI,,,407,127
22.1310,Guangxu,1875-1908,De Zong,"Board of Works (Boo-yuwan, Peking)",,Rev: 亩 zhou,,,407,127
22.1311,Guangxu,1875-1908,De Zong,"Board of Works (Boo-yuwan, Peking)",,Rev; 日ri 器1 Bev:粱R。 #,,,407,127
22.1314,Guangxu,1875-1908,De Zong,"Board of Works (Boo-yuwan, Peking)",,Rev: 往 wang,,,407,127
22.1315,Guangxu,1875-1908,De Zong,"Board of Works (Boo-yuwan, Peking)",,"Rev: Inverted crescent above, dot below See ?2.1281 for a digcussion O[ the Thousand Character Classic coins。 Value Ten. Obv: 光绪重食 Guang Xu 2hong bao。 Type 4. Rev: 凿十 Dang shi (Value Ten). Nominal weight 3.2 qian。 1875.80",,1875-80,407,127
22.1316,Guangxu,1875-1908,De Zong,"Board of Works (Boo-yuwan, Peking)",,Sax stroke bei New branch。 卫02637 Old branch ],7,,407,127
22.1317,Guangxu,1875-1908,De Zong,"Board of Works (Boo-yuwan, Peking)",,Seven stroke bei。 Type Bl. Rev: 篱 抬 Dang shi (Value Ten). Nominal weight 2.6 qian。 1880-87,,1880-87,407,127
22.1318,Guangxu,1875-1908,De Zong,"Board of Works (Boo-yuwan, Peking)",,Six gtroke bei。 New branch,,,407,127
22.1319,Guangxu,1875-1908,De Zong,"Board of Works (Boo-yuwan, Peking)",,Seven stroke bei。 Ola branch 磐,,,407,127
22.1320,Guangxu,1875-1908,De Zong,"Board of Works (Boo-yuwan, Peking)",,"Protruding head boo. Auxiliary furnaces。 Type B2.As Type BI, with a dot on the reverse by the top left corner of the hole 1887-89",,1887-89,407,127
22.1321,Guangxu,1875-1908,De Zong,"Board of Works (Boo-yuwan, Peking)",,Six stroke bei。 New branch。 13,,,407,127
22.1322,Guangxu,1875-1908,De Zong,"Board of Works (Boo-yuwan, Peking)",,Seven stroke bei Old branch。 Protruding head boo. Auxilary furnaces。 k,,,407,127
22.1323,Guangxu,1875-1908,De Zong,"Board of Works (Boo-yuwan, Peking)",,,,,407,127
22.1356,Guangxu,1875-1908,De Zong,"Changsha, Hunan",光鳍通窦 Guang Xu tong bao,"-7 Closed head tong。 1896-99 15 In 1896 the mint was reopened for a trial casting Of coins weighing 8 fen 8ni each. In 1899, it was reported that since 1896, casting had been intermittent。 As the price O[ Japanese copper had now risen causing 0 great loss, casting was suspended",,1896-99,410,130
22.1382,Guangxu,1875-1908,De Zong,"Chefoo, Shandong",,"-4 尔 Br bao.-ng angular。 Tarioug Sizes。 In 1887,让 was intended to cast 100,000 strings a year Of 1 qian weighl coins。 Nominal weight 8 fen (3 grams). -ng curved. 1899 ?",,,413,133
22.1385,Guangxu,1875-1908,De Zong,"Chefoo, Shandong",,缶 Fou bao. One dot tong,,,413,133
22.1386,Guangxu,1875-1908,De Zong,"Chefoo, Shandong",,Two dot tong. Rev: 村 cun below,,,413,133
22.1387,Guangxu,1875-1908,De Zong,"Chefoo, Shandong",,Struck coin. Cf,,,413,133
22.1406,Guangxu,1875-1908,De Zong,"Chefoo, Shandong",,for Dongchuan coins USing the same minl name,,,413,133
22.1393,Guangxu,1875-1908,De Zong,"Chengdu, Sichuan",光筛通窨 Guang Ku tong bao,Closed bead tong 1875.98。 15,15,1875-98,414,134
22.1394,Guangxu,1875-1908,De Zong,"Chengdu, Sichuan",光筛通窨 Guang Ku tong bao,Rev: JI chuan in seal script below。 Frobably a later invenlion,,,414,134
22.1395,Guangxu,1875-1908,De Zong,"Chengdu, Sichuan",光筛通窨 Guang Ku tong bao,Square head tong. Protruding head boo。 1875.98 15,15,1875-98,414,134
22.1396,Guangxu,1875-1908,De Zong,"Chengdu, Sichuan",光筛通窨 Guang Ku tong bao,"Square head tong; six stroke bei。 ?1898.1901 14 Possibly an official coin at the 8 fen standard; more likely a privately cast coin。 In 1894 in response LO the request from the Board of Revenie to cast 1 qian weight coins, Sichuan claimed that its circumstances were special and continued to cast 1.2 qian weight coins Yunnan Province。 Rev: Boo yun left and right。 Nominal weight 1.2or 1.0 qian。 1875-90",,1898-1901,414,134
22.1425,Guangxu,1875-1908,De Zong,"Dagu, Zhili",光鏊通赛 Guang Ku tong bao,"Larger coins, one dot tong。 卫D26IG 10",,,416,136
22.1426,Guangxu,1875-1908,De Zong,"Dagu, Zhili",光鏊通赛 Guang Ku tong bao,Smaller coins。 One Jot tong,,,416,136
22.1427,Guangxu,1875-1908,De Zong,"Dagu, Zhili",光鏊通赛 Guang Ku tong bao,-8 Two dot tong。 14 The Chinese Imperial Maritime Customs Report for 1896 states that two mints were opened in Zhili to coin Cash one at Tianjin (the Beiyang Arsenal mint) and the other at the Imperial Noy Yard al Dag The style O these coins is similar to thal O[ other Zhili coins; and their weighl correspondls tO that Ol 8 fen used by Tianjin from 1896,,,416,136
22.1440,Guangxu,1875-1908,De Zong,"Dagu, Zhili",光鏊通赛 Guang Ku tong bao,,,,417,137
22.1443,Guangxu,1875-1908,De Zong,"Dagu, Zhili",光鏊通赛 Guang Ku tong bao,,,,417,137
22.1444,Guangxu,1875-1908,De Zong,"Dagu, Zhili",光鏊通赛 Guang Ku tong bao,,,,417,137
22.1448,Guangxu,1875-1908,De Zong,"Dagu, Zhili",光鏊通赛 Guang Ku tong bao,,,,417,137
22.1397,Guangxu,1875-1908,De Zong,"Dongchuan, Yunnan",光绪通寞 Guang Ku tong bao,&c 1875-1890,,1875-1890,415,135
22.1401,Guangxu,1875-1908,De Zong,"Dongchuan, Yunnan",光绪通寞 Guang Ku tong bao,"1899.1908 Make-up and style quite distinct from the Shandong coins, 23.1382-1387, which used (he same mint name",,1899-1908,415,135
22.1407,Guangxu,1875-1908,De Zong,"Dongchuan, Yunnan",光绪通寞 Guang Ku tong bao,-8 Closed head tong. Rev: No additional characters 1899-1908。 酱,,1899-1908,415,135
22.1324,Guangxu,1875-1908,De Zong,"Fuzhou, Fujian",光筛通C Guang Ku tong bao,Rev: Pointed fu,,,408,128
22.1325,Guangxu,1875-1908,De Zong,"Fuzhou, Fujian",光筛通C Guang Ku tong bao,Rev: Dot above,,,408,128
22.1326,Guangxu,1875-1908,De Zong,"Fuzhou, Fujian",光筛通C Guang Ku tong bao,"Small characterg。 Rev: Pointed, narrow fu。 """,,,408,128
22.1327,Guangxu,1875-1908,De Zong,"Fuzhou, Fujian",光筛通C Guang Ku tong bao,Rev; Round fu。 Square head tong: 1893-1900s,,,408,128
22.1328,Guangxu,1875-1908,De Zong,"Fuzhou, Fujian",光筛通C Guang Ku tong bao,Rev: Round head boo,,,408,128
22.1329,Guangxu,1875-1908,De Zong,"Fuzhou, Fujian",光筛通C Guang Ku tong bao,"Rev: Protuding head boo。 14 Small characters, protuding bead b0o 1893.19005",,,408,128
22.1330,Guangxu,1875-1908,De Zong,"Fuzhou, Fujian",光筛通C Guang Ku tong bao,Rev: Open fu,,,408,128
22.1331,Guangxu,1875-1908,De Zong,"Fuzhou, Fujian",光筛通C Guang Ku tong bao,Rev Round fU 14 Struck coins,,,408,128
22.1332,Guangxu,1875-1908,De Zong,"Fuzhou, Fujian",光筛通C Guang Ku tong bao,"Nominal weight 0.85 qian. Rev: Plain。 I 1886, Fujian started a trial to prodice coins USing western machinery。 This Was soon abandoned as Ihe COgl was etcessive。 This coin has been attribuled to this trial",,,408,128
22.1333,Guangxu,1875-1908,De Zong,"Fuzhou, Fujian",光筛通C Guang Ku tong bao,Nominal weight 4 fen。 1906-08。 13,13,1906-08,408,128
22.1334,Guangxu,1875-1908,De Zong,"Guangzhou, Guangdong",光筛通C Guang Ku tong bao,"Nominal weight 1 qian。 1889-90。 51588 15 Tis unorthodor reverse incurred Imperial disapproual, but was not immediately discontinued。 Rev: Boo guang left and right",,1889-90,408,128
22.1335,Guangxu,1875-1908,De Zong,"Guangzhou, Guangdong",光筛通C Guang Ku tong bao,Nominal weight 8 fen over 2.8 gramg。 1890-95 51587 16 Nominal weight 7 fen under 2.8 Brams。 1895-99 16,16,1890-95,408,128
22.1336,Guangxu,1875-1908,De Zong,"Guangzhou, Guangdong",光筛通C Guang Ku tong bao,Nominal weight 3.2 fen。 缶 Rou bao 1906-08 14,14,1906-08,408,128
22.1337,Guangxu,1875-1908,De Zong,"Guangzhou, Guangdong",光筛通C Guang Ku tong bao,,,,409,129
22.1338,Guangxu,1875-1908,De Zong,"Guangzhou, Guangdong",光鳍通夤 Guang Xu tong bao,Rev: Long gui。 Guiyang; Guangzhou。 Rev: Boo kiyan left and right. Operating dates unknown,,,409,129
22.1339,Guangxu,1875-1908,De Zong,"Guangzhou, Guangdong",光鳍通夤 Guang Xu tong bao,Square head tong: Rev; Large dot above,,,409,129
22.1340,Guangxu,1875-1908,De Zong,"Guangzhou, Guangdong",光鳍通夤 Guang Xu tong bao,Rer: Dot below kiyan,,,409,129
22.1341,Guangxu,1875-1908,De Zong,"Guangzhou, Guangdong",光鳍通夤 Guang Xu tong bao,Closed head tong,,,409,129
22.1347,Guangxu,1875-1908,De Zong,"Guangzhou, Guangdong",光筛通C Guang Ku tong bao,,,,409,129
22.1348,Guangxu,1875-1908,De Zong,"Guangzhou, Guangdong",光筛通C Guang Ku tong bao,,,,409,129
22.1410,Guangxu,1875-1908,De Zong,"Hangzhou, Zhejiang",光绪通寞 Guang Ku tong bao,"Closed head, two dot tong。 15 Nominal weight fen 2 to 3 gramg。 1896",,,415,135
22.1411,Guangxu,1875-1908,De Zong,"Hangzhou, Zhejiang",光绪通寞 Guang Ku tong bao,Closed head; One dot tong,,,415,135
22.1412,Guangxu,1875-1908,De Zong,"Hangzhou, Zhejiang",光绪通寞 Guang Ku tong bao,Different je A,,,415,135
22.1413,Guangxu,1875-1908,De Zong,"Hangzhou, Zhejiang",光绪通寞 Guang Ku tong bao,Two dot DarrOW tong。 Struck coins。 Square head tong. Nominal weight 9 fen 3 grams。 1887.88,,1887-88,415,135
22.1414,Guangxu,1875-1908,De Zong,"Hangzhou, Zhejiang",光绪通寞 Guang Ku tong bao,"7 Numerous die varietieg。 51584 13 Closed head tong。 Nominal weight 7 fen 2to 3 grams。 1896。 23.1418 13 In 1887, te Governor O[ Zhejiang reported that at Was originally decided to operate the machine mint at the Arsenal and Ihe casting Turnaces parallel。 Later, because the costs O「 machine minting were high com pared with those OI casting; permission UUOS requested to Use Only casting。 Using 4 steel die tO slamp the characlers; wilh each coin weighing 9 [en, from 0 triol of 1,000 pieces, ILUOs calculated thal the cost Ol cop DenZInC labour, firing; trarsport Ond SCTOD Canie to ] Wang O[silver; Casting regulation coins with a 50/50 copper and zinc alloy, and a weight Of 1 qian cost 7 qian 5 len 5 li. The nerl year, he reported thal Japanese copper was O[ poor quality and erpensive, and the minl was lemporarily slopping casting after having pro。 duced 120,000 strings Of regulation coins; In 1896, the old furnaces at the Arsenal were refurbished; and 7 fen weight coins were cast。 By now; 1,000 O these lighter COITIS COSL qlan fen Of silver to produce。 4 newspaper report Ol Jul 1896 savs: 'The Langzhou Dedicated to the Service Of the Country minl [the silver dollar minl] which had furnaces 讥 opera。 tion to Casl regulation coins for sir months; and issued no less than 100,000 strings; has recentlly stopped。 Despite the wording; i seems unlikely thal the silver dollar minl would have also had traditional furnaces forcosting, and thig is a reference to struck coins",,,415,135
22.1428,Guangxu,1875-1908,De Zong,"Hangzhou, Zhejiang",光绪通寞 Guang Ku tong bao,Emperor De Zong,,,416,136
22.1342,Guangxu,1875-1908,De Zong,"Kaifeng, Henan",光鳍通夤 Guang Xu tong bao,Rev: No additional marks 卫02618,8,,409,129
22.1343,Guangxu,1875-1908,De Zong,"Kaifeng, Henan",光鳍通夤 Guang Xu tong bao,Rev: Dot above,,,409,129
22.1344,Guangxu,1875-1908,De Zong,"Kaifeng, Henan",光鳍通夤 Guang Xu tong bao,Rev; Dot above left,,,409,129
22.1345,Guangxu,1875-1908,De Zong,"Kaifeng, Henan",光鳍通夤 Guang Xu tong bao,Rev: Dot below,,,409,129
22.1346,Guangxu,1875-1908,De Zong,"Kaifeng, Henan",光鳍通夤 Guang Xu tong bao,Rev: Crescent above。 器23 Rev: Ceecee celocent above,,,409,129
22.1349,Guangxu,1875-1908,De Zong,"Kaifeng, Henan",光鳍通夤 Guang Xu tong bao,Rev: Inverted crescent below,,,409,129
22.1350,Guangxu,1875-1908,De Zong,"Kaifeng, Henan",光鳍通夤 Guang Xu tong bao,"Rev; Cregcent above;, dot below 卫02619,51571",9,,409,129
22.1351,Guangxu,1875-1908,De Zong,"Kaifeng, Henan",光鳍通夤 Guang Xu tong bao,Rev; Circle above,,,409,129
22.1352,Guangxu,1875-1908,De Zong,"Kaifeng, Henan",光鳍通夤 Guang Xu tong bao,"Rev: Circle below In 1898, the Henan mint tas reopened with ten furnaces that could cast 103,690 strings a vear。 13 13 13 r #",,,409,129
22.1354,Guangxu,1875-1908,De Zong,"Kaifeng, Henan",光鳍通夤 Guang Xu tong bao,,,,410,130
22.1357,Guangxu,1875-1908,De Zong,"Kaifeng, Henan",光鳍通夤 Guang Xu tong bao,,,,410,130
22.1471,Guangxu,1875-1908,De Zong,"Kashgar, Xinjiang",光绪通| Guang Au tong bao,One dot tong。 14,14,,419,139
22.1472,Guangxu,1875-1908,De Zong,"Kashgar, Xinjiang",光绪通| Guang Au tong bao,"Two dot tong. Different SCaohga 14 Rev: Boo left, S(a)ohg(a)uright; read from top to bottom. 喀十 Ka shi (alshgar] Ten) above and below",,,419,139
22.1473,Guangxu,1875-1908,De Zong,"Kashgar, Xinjiang",光绪通| Guang Au tong bao,"-4 Increasingly ilegible。 1892.1907. 14 Tn 1889 casting level Of 3,290 strings 0 Vear Was established; 29 workmen were employed.The coin weight Was 13 qlan I 1893, 0 conbined Mines and Minting Offce was set up in the east corner O[ the barracks i Uhe Nalie Cit。 An Last and West factory are menlioned。 The casting rate increased to 6,400 strings a year; now 50 workmen Were emploved",,1892-1907,419,139
22.1475,Guangxu,1875-1908,De Zong,"Kucha, Xinjiang",光绪通赛 Guang Ju tong bao,Rev,,,420,140
22.1476,Guangxu,1875-1908,De Zong,"Kucha, Xinjiang",光绪通赛 Guang Ju tong bao,Rev,,,420,140
22.1477,Guangxu,1875-1908,De Zong,"Kucha, Xinjiang",光绪通赛 Guang Ju tong bao,Rev: Boo left,,,420,140
22.1478,Guangxu,1875-1908,De Zong,"Kucha, Xinjiang",光绪通赛 Guang Ju tong bao,"Thin character strokes, bei long",,,420,140
22.1479,Guangxu,1875-1908,De Zong,"Kucha, Xinjiang",光绪通赛 Guang Ju tong bao,"Thick, crude character strokes, bei a fish tail",,,420,140
22.1480,Guangxu,1875-1908,De Zong,"Kucha, Xinjiang",光绪通赛 Guang Ju tong bao,"Six stroke bei, different style Of Kuchelgcqa",,,420,140
22.1481,Guangxu,1875-1908,De Zong,"Kucha, Xinjiang",光绪通赛 Guang Ju tong bao,Rev: Inscription inverted #,,,420,140
22.1482,Guangxu,1875-1908,De Zong,"Kucha, Xinjiang",光绪通赛 Guang Ju tong bao,Rev: Crescent at 4 0'clock,,,420,140
22.1483,Guangxu,1875-1908,De Zong,"Kucha, Xinjiang",光绪通赛 Guang Ju tong bao,"Rev; Crescent at 4 0'clock and 10 o'clock。 Rev: Boo left, ""chuan"" for",,,420,140
22.1484,Guangxu,1875-1908,De Zong,"Kucha, Xinjiang",光绪通赛 Guang Ju tong bao,11 Attributable to the short-lived,,,420,140
22.1485,Guangxu,1875-1908,De Zong,"Kucha, Xinjiang",光绪通赛 Guang Ju tong bao,Neat engra Ving' similar to that of,,,420,140
22.1486,Guangxu,1875-1908,De Zong,"Kucha, Xinjiang",光绪通赛 Guang Ju tong bao,"Cruder, gprawlng characters",,,420,140
22.1487,Guangxu,1875-1908,De Zong,"Kucha, Xinjiang",,-8 Square head tong,,,421,141
22.1489,Guangxu,1875-1908,De Zong,"Kucha, Xinjiang",,"Rev: Reversed boo Obv: 光筛 Guang Xu top and bottom. Cyclical characters for the date, right and left。 Rev: Boo left, chuan"" for",,,421,141
22.1490,Guangxu,1875-1908,De Zong,"Kucha, Xinjiang",,"Obv: 丁未 ding Wei for 1907,rght and left",,,421,141
22.1491,Guangxu,1875-1908,De Zong,"Kucha, Xinjiang",,"Obv: 戊申 UU shen for 1908, right and left 14 10 10 Obv: 光绪逦黉 Guang Ku tong bao。 Rev: Boo left, ""yuan for",,,421,141
22.1492,Guangxu,1875-1908,De Zong,"Kucha, Xinjiang",,-4 Various inelegant styles 14 Nade by,,,421,141
22.1493,Guangxu,1875-1908,De Zong,"Kucha, Xinjiang",光绪通赛 Guang Ju tong bao,,,,421,141
22.1494,Guangxu,1875-1908,De Zong,"Kucha, Xinjiang",光绪通赛 Guang Ju tong bao,Emperor De Zong,,,421,141
22.1511,Guangxu,1875-1908,De Zong,"Kucha, Xinjiang",,"-12 Large and small specimens。 ?late I890s Traditional works ascribe these coins to Jingzhou in Hubei, but there is no menlion Of this in the historicol records。 Bruce I. Smith has a more convincing hypothesis: Ny omn theory 15 that the mark refers to Qinejiang [清江] the river city in Jiangsu province; north ofthe Yangtze River, KOWI Lo toreigners 05 Tsingkiang OI Chingkiang: That place had modern UIl (established in 1905) which made copper cents (10 cash) usInB British machinery。 What nearly everyone doesn '[ know is that the city was to be the capital of a new provnce to be created by cutting Jiangsu prov。 ince in half The new provnce was to be established in 1905, but the plans were shelved. This is why rela tively obscure place like Qingiang had a modern mint i was to be the provincial mint for the new prov。 ICC。 Perhaps the planners thought traditonal cast cash should also be made。 Or maybe the cast mint was established there before the provncial plang。 There was indeed casting in Qingjiang before 1905。 In October 1899 让 was reported: In fulure, Zhun an prefecture (Qingjiang) which delivers large coins; because the workmen undertaking Ue Work are usirtg local casting laws Is to change all the output to regulalion coins。 The low weighl Ol these coins OI around ?.6 grams indicates 0 Weight standara of 8 fen less which Is typical of coins produced by other mints in the late 1890s.Their workmanship is not incompatible with other Jiangsu coins Xuangtong。 The Dowager Empress Cixi fnally died in November 1908, the day after the death of Guangxu, Her three year-old grandnephew , Puyi, succeeded to the throne, under the regency of his father; the second Prince Qun. His reign was not long. On I2th February 1912, the formal abdication of the throne in favour Of the republican revolutionaries Of Sun Yat-sen Was announced and the Qing dynasty came to an end The",,,424,144
22.1512,Guangxu,1875-1908,De Zong,"Kucha, Xinjiang",,Emperor De Zong,,,424,144
22.1372,Guangxu,1875-1908,De Zong,"Nanchang, Jiangxi",光绪通寰 Guang Ku tong bao,Larger coins; qian nominal weight 1875-18805 15,15,,411,131
22.1373,Guangxu,1875-1908,De Zong,"Nanchang, Jiangxi",光绪通寰 Guang Ku tong bao,"Smaller coins, 8 fen nominal weight。 1899.1901 15",15,1899-1901,411,131
22.1374,Guangxu,1875-1908,De Zong,"Nanchang, Jiangxi",光绪通寰 Guang Ku tong bao,"缶 Pou bao, one dot tong。 1899 ? 11",,,412,132
22.1375,Guangxu,1875-1908,De Zong,"Nanchang, Jiangxi",光绪通寰 Guang Ku tong bao,"Rev; Dot above。 1899.? 10 In 1899, Ue Fengtian General reported that the mint could cast 1,600 strings Of 5 fen weight coins a day。 Struck coing",,,412,132
22.1376,Guangxu,1875-1908,De Zong,"Nanchang, Jiangxi",光绪通寰 Guang Ku tong bao,Rev: 公平 Gor ping (Fair and Honest) above and below 1898。 Trials only,,,412,132
22.1377,Guangxu,1875-1908,De Zong,"Nanchang, Jiangxi",光绪通寰 Guang Ku tong bao,Rev: 官枚 Guan mei (Ofcial coin) above. 四分 Si fen (4 fen) below。 1899 卫D2626,6,,412,132
22.1378,Guangxu,1875-1908,De Zong,"Nanchang, Jiangxi",光绪通寰 Guang Ku tong bao,"Rev: 奉天楼器局造紫鲷簋十鳢重二畿四分 卫02633 Fengtian jiqi ju zao zi tong dang shi qicn zhong er Qian si fen。 (Rengtian machine wint made purple copper value ten coin, weight 2 qian fen) Several sizes and die varieties are known. However, Lhe records do not mention when this coin Wag minted。 Jilin, Manchuria. Rev: Boo gi left and right",3,,412,132
22.1379,Guangxu,1875-1908,De Zong,"Nanchang, Jiangxi",光绪通寰 Guang Ku tong bao,"Si stroke bei, one dot tong。 1887.? 卫02630 13",0,,412,132
22.1380,Guangxu,1875-1908,De Zong,"Nanchang, Jiangxi",光绪通寰 Guang Ku tong bao,"Seven stroke bei, two dot tong。 1887 ? 13 Struck coin",,,412,132
22.1381,Guangxu,1875-1908,De Zong,"Nanchang, Jiangxi",光绪通寰 Guang Ku tong bao,"Six stroke bei, one dot tong: 1889.90。 10 4 minl using weslern machinery had been in operatton In Jilin since 1883, bul its outpul was limited to sil。 Uer cOins. In 1887,Jilin General Ji Yuan memorialised regarding the shortage Ol coins in the province, and Was Bven permission to open 4 ninl Ertracts from the Jilin Mint Regulalions: ITEM. Furnaces: Four furnaces ICLC originally set up。 These were known 49 Uhe 元亨利真 Yuan heng l zhen. [te opening phrase of the Book of Changes used to denote 1,2,3,4]. In May 1890, this was reduced to Lwo. In Pebruary 1893, another was removed, and now there is only one ITEM。 Work Expenses: Bach day 90 strings are cast. In accordance with the daily output uge: crucibles; 360 jin Of coke; jn Of willow wood charcoal for the sand casting, and 30 jin O[ black coal to light the furnaces ITEN Ofcials: Each furnace has 24 workmen. In addition, there are three men who attend to the cruci。 bles one man who attends to the wooden frames, and one Ian who engraves the coin patterns。 They are each paid 3 liang a month。 In October 1889, General Zhang Shun memorialised that, on arriving at his post, he had added furnaces; increased the labour and malerials at the mint, and elimuated unnecessary ependilure; 50 thal the Jowr furnaces could cast appronmalely 80,000 or 90,000 strings 0 VeUT He had also bought machinery from Shanghai with a great capacity to make regulation coins, apporently with a weighl O「 8 fen. The strtch Boo gi coins nust date from this time; the Regulations above show that casting continued till at least 1893",,1889-90,412,132
22.1383,Guangxu,1875-1908,De Zong,"Nanchang, Jiangxi",光绪通寰 Guang Ku tong bao,,,,413,133
22.1384,Guangxu,1875-1908,De Zong,"Nanchang, Jiangxi",光绪通寰 Guang Ku tong bao,,,,413,133
22.1358,Guangxu,1875-1908,De Zong,"Nanking, Jiangsu",光鳍通窦 Guang Xu tong bao,"Square head tong 1898 51586 11 In January 1898,the West factory Of the Jiangnan Silver Dollar and Regulation Coins General Mint started striking coins with a weight O「 7 fen. This only lasted for a few months",,,410,130
22.1359,Guangxu,1875-1908,De Zong,"Nanking, Jiangsu",光鳍通窦 Guang Xu tong bao,"Closed head tong. The ning looks like ling。 21902 Suzhou, Jinngsu. Rev: Boo SU left and right. 1887-1905",,1887-1905,410,130
22.1360,Guangxu,1875-1908,De Zong,"Nanking, Jiangsu",光鳍通窦 Guang Xu tong bao,Large characters。 81569 15,15,,410,130
22.1361,Guangxu,1875-1908,De Zong,"Nanking, Jiangsu",光鳍通窦 Guang Xu tong bao,Small characters Rev: Large SU,,,410,130
22.1362,Guangxu,1875-1908,De Zong,"Nanking, Jiangsu",光鳍通窦 Guang Xu tong bao,Rev: Small SU,,,410,130
22.1363,Guangxu,1875-1908,De Zong,"Nanking, Jiangsu",光鳍通窦 Guang Xu tong bao,Rev: Crescent above,,,410,130
22.1364,Guangxu,1875-1908,De Zong,"Nanking, Jiangsu",光鳍通窦 Guang Xu tong bao,Rev: Small circle above。 13,13,,410,130
22.1365,Guangxu,1875-1908,De Zong,"Suzhou, Jiangsu",光绪通寰 Guang Ku tong bao,Closed head tong。 15,15,,411,131
22.1366,Guangxu,1875-1908,De Zong,"Suzhou, Jiangsu",光绪通寰 Guang Ku tong bao,Protruding head tong。 15 Obv: 光鳍重黉 Guang Xu Zhong bao,,,411,131
22.1367,Guangxu,1875-1908,De Zong,"Suzhou, Jiangsu",光绪通寰 Guang Ku tong bao,"Rev: 富五 Dang wu (Value Five) above and below. 1905-07 卫02636 13 The 采访录 Caifang Lu recorded: Bao Su mint: In the Guangxu period, the offcial copper price was high S0 the appearance Of the coins 43s thin and degenerate They therefore cast Guang Xu ywan bao [sid] Value Pive copper coins; which WPTC exceptonally coarse and vile. The regulation coin workmen were all natives of Haiyan. Bach furnace OVeTV day working day and night, issued 100,000 coins 1,000 weighed G jin liang [1 qian eachl. Bach furnace used a 64 board each board [tree O[ mother coins] 135 64 coins。 There were 18 furnaces。 The Sheng clan had control of 134 furnaces; the Wang family 2氽 furnaces and the Li family furnace. The Value Five coin weighed 2 qian, and was worth 5 cash 皿 total 36,000 strings were cast Struck coins Obv: 光绪通夤 Guang Ku tong bao. Rev: BOO SU left and right。 1896-97",6,1905-07,411,131
22.1368,Guangxu,1875-1908,De Zong,"Suzhou, Jiangsu",光绪通寰 Guang Ku tong bao,Large characters。 81585 11,11,,411,131
22.1369,Guangxu,1875-1908,De Zong,"Suzhou, Jiangsu",光绪通寰 Guang Ku tong bao,Medum characters u,,,411,131
22.1370,Guangxu,1875-1908,De Zong,"Suzhou, Jiangsu",光绪通寰 Guang Ku tong bao,Small characters Broad Im CoIn,,,411,131
22.1371,Guangxu,1875-1908,De Zong,"Suzhou, Jiangsu",光绪通寰 Guang Ku tong bao,Two dot long,,,411,131
22.1388,Guangxu,1875-1908,De Zong,"Taiyuan, Shanxi",,One dot tong。 Nominal weight qian。 1887.88,,1887-88,413,133
22.1389,Guangxu,1875-1908,De Zong,"Taiyuan, Shanxi",,Two dot tong. Nominal weight len 4 li. 1899.1908,,1899-1908,413,133
22.1418,Guangxu,1875-1908,De Zong,"Tianjin, Zhili",光绪通赛 Guang Xu tong bao,Rev; Inverted crescent above (can look Like 2 dots),,,417,137
22.1429,Guangxu,1875-1908,De Zong,"Tianjin, Zhili",光绪通赛 Guang Xu tong bao,"缶 Pou bao。 卫D2615,51572 13",5,,417,137
22.1430,Guangxu,1875-1908,De Zong,"Tianjin, Zhili",光绪通赛 Guang Xu tong bao,Small Nanchu,,,417,137
22.1431,Guangxu,1875-1908,De Zong,"Tianjin, Zhili",光绪通赛 Guang Xu tong bao,Rev: Dot above 51573 #,,,417,137
22.1432,Guangxu,1875-1908,De Zong,"Tianjin, Zhili",光绪通赛 Guang Xu tong bao,"尔 Er bao。 Seven stroke bei. Nominal weight 7 or 8 fen, under 3 grams。 1896-1900",,1896-1900,417,137
22.1433,Guangxu,1875-1908,De Zong,"Tianjin, Zhili",光绪通赛 Guang Xu tong bao,Rev: No additional characterg,,,417,137
22.1434,Guangxu,1875-1908,De Zong,"Tianjin, Zhili",光绪通赛 Guang Xu tong bao,Rev: Dot above,,,417,137
22.1435,Guangxu,1875-1908,De Zong,"Tianjin, Zhili",光绪通赛 Guang Xu tong bao,Rev: Dot below,,,417,137
22.1436,Guangxu,1875-1908,De Zong,"Tianjin, Zhili",光绪通赛 Guang Xu tong bao,Rev; Dot above left,,,417,137
22.1437,Guangxu,1875-1908,De Zong,"Tianjin, Zhili",光绪通赛 Guang Xu tong bao,Rev: Dot above right,,,417,137
22.1438,Guangxu,1875-1908,De Zong,"Tianjin, Zhili",光绪通赛 Guang Xu tong bao,Rev: Dot below left,,,417,137
22.1439,Guangxu,1875-1908,De Zong,"Tianjin, Zhili",光绪通赛 Guang Xu tong bao,-40 Rev; Dot below right,,,417,137
22.1441,Guangxu,1875-1908,De Zong,"Tianjin, Zhili",光绪通赛 Guang Xu tong bao,Rev: Circle above,,,417,137
22.1442,Guangxu,1875-1908,De Zong,"Tianjin, Zhili",光绪通赛 Guang Xu tong bao,Rev; Circle below。 2.1448 Bev: Smalcircle above left。 |,,,417,137
22.1445,Guangxu,1875-1908,De Zong,"Tianjin, Zhili",光绪通赛 Guang Xu tong bao,Rev: Small circle below left,,,417,137
22.1446,Guangxu,1875-1908,De Zong,"Tianjin, Zhili",光绪通赛 Guang Xu tong bao,Rev: Cregcent above,,,417,137
22.1447,Guangxu,1875-1908,De Zong,"Tianjin, Zhili",光绪通赛 Guang Xu tong bao,Rev: Crescent below,,,417,137
22.1449,Guangxu,1875-1908,De Zong,"Tianjin, Zhili",光绪通赛 Guang Xu tong bao,Rev: Slanting crescent above_,,,417,137
22.1450,Guangxu,1875-1908,De Zong,"Tianjin, Zhili",光绪通赛 Guang Xu tong bao,Rev: cregcent above,,,417,137
22.1451,Guangxu,1875-1908,De Zong,"Tianjin, Zhili",光绪通赛 Guang Xu tong bao,Rev: ( crescent above,,,417,137
22.1452,Guangxu,1875-1908,De Zong,"Tianjin, Zhili",光绪通赛 Guang Xu tong bao,Rev: crescent above left,,,417,137
22.1453,Guangxu,1875-1908,De Zong,"Tianjin, Zhili",光错通* Guang Ku tong bao,Rev: ) crescent above right,,,418,138
22.1454,Guangxu,1875-1908,De Zong,"Tianjin, Zhili",光错通* Guang Ku tong bao,Rev: Apostrophe mark below,,,418,138
22.1455,Guangxu,1875-1908,De Zong,"Tianjin, Zhili",光错通* Guang Ku tong bao,Rev: Apostrophe mark above left。 2.1456 Rev: Apostrophe mar above right #,,,418,138
22.1456,Guangxu,1875-1908,De Zong,"Tianjin, Zhili",光绪通赛 Guang Xu tong bao,,,,418,138
22.1457,Guangxu,1875-1908,De Zong,"Tianjin, Zhili",光绪通赛 Guang Xu tong bao,,,,418,138
22.1458,Guangxu,1875-1908,De Zong,"Tianjin, Zhili",光错通* Guang Ku tong bao,Rev: Small line above,,,418,138
22.1459,Guangxu,1875-1908,De Zong,"Tianjin, Zhili",光错通* Guang Ku tong bao,"Rev: Small Ine below。 Struck Coins。 Six stroke bei. Nominal weight 1 qian, over 3 Brams。 1888",,,418,138
22.1460,Guangxu,1875-1908,De Zong,"Tianjin, Zhili",光错通* Guang Ku tong bao,Larger characters。 12,,,418,138
22.1461,Guangxu,1875-1908,De Zong,"Tianjin, Zhili",光错通* Guang Ku tong bao,"Smaller characterg。 12 Nles between the two Uareties are jownd。 Seven stroke bei. Nominal weight 7 or 8 fen, under 3 grams。 1896.99",,1896-99,418,138
22.1462,Guangxu,1875-1908,De Zong,"Tianjin, Zhili",光错通* Guang Ku tong bao,Closed head tong。 13,13,,418,138
22.1463,Guangxu,1875-1908,De Zong,"Tianjin, Zhili",光错通* Guang Ku tong bao,"Square head tong。 13 In October 1886,the 宝津 Bao Jin mint at Tianjin was opened casting 1 qian weight coins。 In 1888, Gover。 ROT ~general Li Hongzhang reported at length On the problems Of striking cash using western machinery。 (Tis had been bought from Greenwood and Batley Of Leeds for 27,000 liang O[ silver ) Despite careful cost ing; it cost ?,337 cash to make 1,000 regulation coing。 Permission Was earnestly requested to disconlinue ise O[ the machinery. In 1896, the minl wag reopened with 13 furnaces producing Tor 8 [en weight coins。 Il wag closed in 1900",,,418,138
22.1474,Guangxu,1875-1908,De Zong,"Tianjin, Zhili",光错通* Guang Ku tong bao,Emperor De Zong,,,419,139
22.1503,Guangxu,1875-1908,De Zong,"Urumchi, Xinjiang",,错 Ju written with three dots,,,423,143
22.1504,Guangxu,1875-1908,De Zong,"Urumchi, Xinjiang",,绪 Ju written with four dots。 S written likeL large sin,,,423,143
22.1505,Guangxu,1875-1908,De Zong,"Urumchi, Xinjiang",,Rev: Inscription normal orientation,,,423,143
22.1506,Guangxu,1875-1908,De Zong,"Urumchi, Xinjiang",,Rev: Inscription sideways,,,423,143
22.1507,Guangxu,1875-1908,De Zong,"Urumchi, Xinjiang",,Rev: Inscription inverted S- written Like | small sin,,,423,143
22.1508,Guangxu,1875-1908,De Zong,"Urumchi, Xinjiang",,篱 Xu written with three dots,,,423,143
22.1509,Guangxu,1875-1908,De Zong,"Urumchi, Xinjiang",,绪 Ku written with four dots。 Obv: 光绪 Guang Xu top and bottom. Cyclical characters for the date right and left。 Rev: Boo sin left and right. 新十 Kin shi Qinljiang] Ten) above and below,,,423,143
22.1510,Guangxu,1875-1908,De Zong,"Urumchi, Xinjiang",,"Obv: 丁末 ding Wei for 1907, right and left。 See",,,423,143
22.1353,Guangxu,1875-1908,De Zong,"Wuchang, Hubei",光鳍通窦 Guang Xu tong bao,-4 Square head long。 1887-88。 81570 14,14,1887-88,410,130
22.1355,Guangxu,1875-1908,De Zong,"Wuchang, Hubei",光鳍通窦 Guang Xu tong bao,"StrucR coin. 缶 Rou bao。 1898_ 13 Tn 1887 the Huber mint reopened with len Jurnaces casting 85,850 strings OI 1 qian weighl coins a year。 Casting was halted in July 1888. In 1896, Hubei commissioned the Guangdorg machine mint to prouide il Wilh coins。In 1898, Hubei itself began striking coins with a weight O[ 7 fen",,,410,130
22.1390,Guangxu,1875-1908,De Zong,"Xi'an, Shaanxi",,Square head tong. Nominal weight 1 qian。 1887.88 Closed head tong. Nominal weight 8 fen,,1887-88,413,133
22.1391,Guangxu,1875-1908,De Zong,"Xi'an, Shaanxi",,One dot tong。 1899.1900,,1899-1900,413,133
22.1392,Guangxu,1875-1908,De Zong,"Xi'an, Shaanxi",,Two dot tong。 1899.1900 14 14 ?Trials only 11 13 13 13,13,1899-1900,413,133
22.1513,Xuantong,1909-1912,Puyi,"Board of Revenue (Boo-chiowan, Peking)",宣钪通安 Kuan Tong tong bao,6 fen nominal weight。 1909.10。 One Jot tong。 Test branch,,1909-10,424,144
22.1514,Xuantong,1909-1912,Puyi,"Board of Revenue (Boo-chiowan, Peking)",宣钪通安 Kuan Tong tong bao,Protruding head boo。 North branch,,,424,144
22.1515,Xuantong,1909-1912,Puyi,"Board of Revenue (Boo-chiowan, Peking)",宣钪通安 Kuan Tong tong bao,"Larger coins, diam. 24m皿。 ?1909 only。 West branch",,,424,144
22.1516,Xuantong,1909-1912,Puyi,"Board of Revenue (Boo-chiowan, Peking)",宣钪通安 Kuan Tong tong bao,"North branch """,,,424,144
22.1517,Xuantong,1909-1912,Puyi,"Fuzhou, Fujian",宜毓通弈 Kuan Tong tong bao,"Struck coin, nominal weight 4 fen。 1909-70 11",11,1909-70,425,145
22.1518,Xuantong,1909-1912,Puyi,"Guangzhou, Guangdong",宜毓通弈 Kuan Tong tong bao,Struck coin nominal weight 3.2 fen。 1909.10。 15 Yunnan province. Rev: Boo yun left and right,,1909-10,425,145
22.1519,Xuantong,1909-1912,Puyi,"Guangzhou, Guangdong",宜毓通弈 Kuan Tong tong bao,Rev: 山I shan above。 1909-11,,1909-11,425,145
22.1520,Xuantong,1909-1912,Puyi,"Guangzhou, Guangdong",宜毓通弈 Kuan Tong tong bao,Rev: 石共 possibly for 磺 Ruang (mine) above。 1909-11 翌,,1909-11,425,145
22.1521,Xuantong,1909-1912,Puyi,"Ushi, Xinjiang",宜毓通弈 Kuan Tong tong bao,Strange callgraphy _ 1909。 1 ] Althoueh there are no more records Of,,,425,145
